step,time,q0,q1,q2,q3,q4,q5,current0,current1,current2,current3,current4,current5,ctrl_output0,ctrl_output1,ctrl_output2,ctrl_output3,ctrl_output4,ctrl_output5,tcp_force0,tcp_force1,tcp_force2,tcp_force3,tcp_force4,tcp_force5,ctrl_pre_alpha0,ctrl_pre_alpha1,ctrl_pre_alpha2,ctrl_pre_alpha3,ctrl_pre_alpha4,ctrl_pre_alpha5,ctrl0,ctrl1,ctrl2,ctrl3,ctrl4,ctrl5,obs_q0,obs_q1,obs_q2,obs_q3,obs_q4,obs_q5,action0,action1,action2,action3,action4,action5,action6,gripper_norm,gripper_ctrl,finger_pos_est,gripper_obs,gripper_fb_pos,gripper_fb_pct,grasped,obj_flag,tcp_x,tcp_y,tcp_z,box_x,box_y,box_z,box_qw,box_qx,box_qy,box_qz,target_x,target_y,target_z,box_to_target_dist,recv_time_s,mocap_time_s,obs_time_s,policy_time_s,ctrl_time_s,send_time_s,compute_time_s,sleep_time_s,loop_dt_true_s,loop_hz_true,overrun_count
0,0.020135924001806416,-0.04892474809755498,-1.1370182794383545,1.0824125448810022,-1.6273566685118617,-1.3700469175921839,0.09778451919555664,0.14684084057807922,-1.4540420770645142,-1.2661068439483643,-0.44614502787590027,0.16770552098751068,0.05182759463787079,4.683467180645436e-17,-1.1440047025680542,-0.8447380065917969,-0.2627328038215637,0.01368851587176323,0.0,2.566216092218937,6.369072619352411,-2.752328990662287,0.36118562771041174,-0.17267955846430327,0.07600712731891529,-0.04293348,-1.0991021,1.0456517,-1.6650548,-1.3376875,0.08587275,-0.04293348,-1.0991021,1.0456517,-1.6650548,-1.3376875,0.08587275,-0.04892474785447121,-1.1370183229446411,1.082412600517273,-1.6273566484451294,-1.3700469732284546,0.09778451919555664,0.14978176,0.9479056,-0.9190226,-0.9424532,0.80898714,-0.29779428,-0.42143226,0.0,0.0,0.0,0.0,,,False,0,0.4332306535664328,0.1572895615407022,0.16297715204027094,0.49493798853721044,0.1814022192645382,0.11917310493288708,0.998262673326056,0.006756081288871806,0.010608372835001576,0.05756233822668641,0.16931085,0.22150986,0.30614725,0.3776254549733018,4.1489998693577945e-05,0.00012531700485851616,0.0005754099984187633,0.00037598900962620974,0.00020940399554092437,0.00011640400043688715,0.0018824229919118807,0.018252428009873256,0.020134851001785137,49.665130370785505,0
1,0.04008698699180968,-0.04886466661562139,-1.136701838379242,1.0821870009051722,-1.627561708489889,-1.369840447102682,0.09769327193498611,0.310791015625,-0.7680916786193848,-1.669599175453186,-0.8122974038124084,0.4342111647129059,-0.1666630655527115,0.20347054302692413,-0.3985656797885895,-1.183132529258728,-0.5119589567184448,0.2558465600013733,-0.17596906423568726,5.179764188156311,7.805218205216111,-3.0316360117282755,0.4258671708650595,-0.2680919130262495,0.07770659989618178,-0.04047883,-1.098864,1.0460694,-1.664989,-1.3391204,0.08480178,-0.04047883,-1.098864,1.0460694,-1.664989,-1.3391204,0.08480178,-0.04886466637253761,-1.1367018222808838,1.0821870565414429,-1.6275616884231567,-1.3698405027389526,0.09769327193498611,0.20964594,0.9459479,-0.90294266,-0.93568254,0.7680022,-0.3222874,-0.42211688,0.0,0.0,0.0,0.0,,,False,0,0.43331869570146553,0.15735886010759514,0.16294769398244296,0.4949057334439871,0.18146339295913133,0.11922572414363213,0.9982692620006355,0.00681734545631121,0.010865109487985095,0.05739254568455705,0.16931085,0.22150986,0.30614725,0.37756509584351244,3.891800588462502e-05,0.00014284299686551094,0.0006027630006428808,0.00032067800930235535,0.00018795300275087357,0.00011161899601574987,0.0017284219939028844,0.018066976001136936,0.01979539799503982,50.5167918447799,0
2,0.06010835099732503,-0.04838925996889287,-1.133932278757431,1.0796468893634241,-1.6300856075682582,-1.3674991766559046,0.09689179807901382,0.33681631088256836,-0.858967661857605,-1.7419246435165405,-0.9962083101272583,0.4749335050582886,-0.22713176906108856,0.3063858449459076,-0.47105488181114197,-1.2187609672546387,-0.521077573299408,0.26880988478660583,-0.18360155820846558,5.812370653455639,7.960062155361854,-3.5250139768447584,0.44756727358031523,-0.33605535748609333,-0.04915314446699968,-0.038906213,-1.0963352,1.044834,-1.6669251,-1.339143,0.08381568,-0.038906213,-1.0963352,1.044834,-1.6669251,-1.339143,0.08381568,-0.0483892597258091,-1.1339322328567505,1.0796469449996948,-1.6300855875015259,-1.3674992322921753,0.09689179807901382,0.23707621,0.9399263,-0.8703225,-0.9209877,0.70890343,-0.32690302,-0.4452557,0.0,0.0,0.0,0.0,,,False,0,0.43437938526015146,0.15805441976533258,0.16297829215090745,0.4948893445947474,0.18136494379391047,0.11915851528379554,0.9982750780579578,0.0069456288779158465,0.010654327167373015,0.05731537907949464,0.16931085,0.22150986,0.30614725,0.3775946960347749,6.134599971119314e-05,0.00021317201026249677,0.0008557969995308667,0.0003853739908663556,0.0002062109997496009,0.00014943600399419665,0.002381732003414072,0.017360586003633216,0.019742318007047288,50.65261331739446,0
3,0.08008533999964129,-0.04742271104921514,-1.1294641655734559,1.0749347845660608,-1.6350332699217738,-1.3635299841510218,0.09535570442676544,0.2640886902809143,-0.9329298734664917,-1.543446660041809,-0.7170162796974182,0.3235805034637451,-0.1985798180103302,0.26877284049987793,-0.6967907547950745,-1.1651138067245483,-0.46255385875701904,0.21997956931591034,-0.16590726375579834,3.086051413849456,6.796026705516841,-1.7772871310356222,0.39842532539707204,-0.23603627467964194,-0.029831620807859262,-0.037616193,-1.0919698,1.0415202,-1.6714562,-1.3368905,0.08231388,-0.037616193,-1.0919698,1.0415202,-1.6714562,-1.3368905,0.08231388,-0.04742271080613136,-1.1294641494750977,1.0749348402023315,-1.6350332498550415,-1.3635300397872925,0.09535570442676544,0.2451629,0.93735707,-0.8353638,-0.9105736,0.66599065,-0.32604554,-0.46516383,0.0,0.0,0.0,0.0,,,False,0,0.4363756602716676,0.15929476208397403,0.16333520167761575,0.4949130122489528,0.18137070948590694,0.11920547139208569,0.9982686216643145,0.006705382842480114,0.010360032157345165,0.057510412944528994,0.16931085,0.22150986,0.30614725,0.3775912408642884,4.493299638852477e-05,0.0001535680057713762,0.0005222109903115779,0.00032912100141402334,0.00020141599816270173,0.0001132949983002618,0.001721035994705744,0.018093075006618164,0.01981411100132391,50.469082359192576,0
4,0.10051895499054808,-0.04629546800722295,-1.1240158540061493,1.069789234791891,-1.640376707116598,-1.359217945729391,0.09351615607738495,0.27211877703666687,-1.198533296585083,-1.4687249660491943,-0.70844966173172,0.28689253330230713,-0.18752411007881165,0.2788240909576416,-0.7709590792655945,-1.136428952217102,-0.44211727380752563,0.19627884030342102,-0.1601339429616928,0.8987005318174411,5.343443570517849,-2.0845066902072458,0.3392583834885995,-0.14212231235519468,-0.03881560239847952,-0.03729336,-1.0865488,1.0370537,-1.6768719,-1.3334191,0.08073996,-0.03729336,-1.0865488,1.0370537,-1.6768719,-1.3334191,0.08073996,-0.046295467764139175,-1.1240158081054688,1.0697892904281616,-1.6403766870498657,-1.3592180013656616,0.09351615607738495,0.2250527,0.93667424,-0.8183886,-0.912381,0.64497226,-0.31940496,-0.47012943,0.0,0.0,0.0,0.0,,,False,0,0.4385265872792167,0.16067991043299887,0.16347764949477342,0.4949182127393021,0.18142533177301662,0.11906870870207982,0.9982649845678226,0.007471831653329792,0.01007559145061757,0.057530241199578495,0.16931085,0.22150986,0.30614725,0.3776576515972512,4.8596994020044804e-05,0.00017675200069788843,0.0007627470040461048,0.0003589999978430569,0.0001990859891520813,0.00012732300092466176,0.0020759040053235367,0.018168911992688663,0.0202448159980122,49.39536126671579,0
5,0.1200863479898544,-0.04497701326479131,-1.118156061773636,1.0648344198810022,-1.6456614933409632,-1.3550246397601526,0.09153684228658676,0.31155672669410706,-1.2851777076721191,-1.6899161338806152,-0.9327684640884399,0.3757099211215973,-0.1783476024866104,0.2478681355714798,-0.8087376952171326,-1.1325761079788208,-0.4377498924732208,0.1881810426712036,-0.15741793811321259,3.381252961865308,7.219043329679657,-3.9277933955572,0.4152396994348097,-0.2366038004333105,-0.02900625511789046,-0.03659937,-1.0805845,1.032718,-1.6821258,-1.3302037,0.079026,-0.03659937,-1.0805845,1.032718,-1.6821258,-1.3302037,0.079026,-0.044977013021707535,-1.1181560754776,1.064834475517273,-1.645661473274231,-1.3550246953964233,0.09153684228658676,0.209441,0.9392883,-0.802914,-0.91160697,0.62052476,-0.31277114,-0.4767111,0.0,0.0,0.0,0.0,,,False,0,0.44058702716255455,0.16212847136783576,0.16337014926423776,0.4948820306203015,0.18139663536144104,0.1191719545170702,0.9982673326184334,0.007099250642150987,0.010803787557576697,0.05740438111965819,0.16931085,0.22150986,0.30614725,0.37757836628381397,4.4653002987615764e-05,0.000138868999783881,0.0006335790094453841,0.00040179200004786253,0.00026367101236246526,0.00017133999790530652,0.0020589390042005107,0.017332783987512812,0.019391722991713323,51.56839340306845,0
6,0.14007586298976094,-0.043552700673238576,-1.1124980312636872,1.059371296559469,-1.6516014538206996,-1.350675408040182,0.08954883366823196,0.23783382773399353,-1.1586977243423462,-1.4640847444534302,-0.6657523512840271,0.22879469394683838,-0.19024202227592468,0.2251139134168625,-0.9160096049308777,-1.121073842048645,-0.418413370847702,0.1739281415939331,-0.14918947219848633,2.445383446347152,6.112380423700655,-2.27443723218561,0.3654606910781662,-0.18457971024554953,-0.02918700541535796,-0.03550055,-1.0747681,1.0286807,-1.6878142,-1.3265265,0.07713221,-0.03550055,-1.0747681,1.0286807,-1.6878142,-1.3265265,0.07713221,-0.0435527004301548,-1.1124980449676514,1.0593713521957397,-1.6516014337539673,-1.3506754636764526,0.08954883366823196,0.20130377,0.9432504,-0.76726586,-0.90532154,0.6037247,-0.31041563,-0.49306104,0.0,0.0,0.0,0.0,,,False,0,0.4428649196958047,0.1636544617273244,0.1636005831027963,0.4948575380651601,0.18139794394618947,0.11919360188398921,0.9982543447265277,0.007029142691806796,0.010796053976825312,0.05763927164484137,0.16931085,0.22150986,0.30614725,0.37754638865583434,3.964800271205604e-05,0.00011390801228117198,0.000479191992781125,0.0003122189955320209,0.00016557201161049306,0.0003536099975463003,0.001805676001822576,0.01803044199186843,0.019836117993691005,50.413089915983356,0
7,0.16009179200045764,-0.04216033617128545,-1.10698156178508,1.0542681852923792,-1.6571227512755335,-1.3466890493976038,0.08764874935150146,0.15842671692371368,-1.1041542291641235,-1.4134224653244019,-0.6480405926704407,0.2196495085954666,-0.2027752548456192,0.21654649078845978,-0.8319374322891235,-1.1136667728424072,-0.427897185087204,0.18175144493579865,-0.15281152725219727,1.4883826191891762,4.980254189973631,-0.9965627036008303,0.3133315191464021,-0.14312736560161535,-0.029024219008333886,-0.035263527,-1.0691494,1.0238154,-1.6935089,-1.322754,0.075519904,-0.035263527,-1.0691494,1.0238154,-1.6935089,-1.322754,0.075519904,-0.042160335928201675,-1.1069815158843994,1.05426824092865,-1.6571227312088013,-1.3466891050338745,0.08764874935150146,0.1724202,0.945803,-0.76132065,-0.909654,0.5983766,-0.30322105,-0.49356687,0.0,0.0,0.0,0.0,,,False,0,0.44496654898154453,0.16509560419186603,0.16371124617576388,0.49486379649276113,0.18139036211884368,0.11918498620332554,0.9982605504707649,0.006974086823103528,0.010676883511493844,0.057561108164163266,0.16931085,0.22150986,0.30614725,0.37755685702647834,6.408599438145757e-05,0.00016521800716873258,0.0005504470027517527,0.0004076180048286915,0.00020532299822662026,0.00011238099250476807,0.0019047249952564016,0.017945124011021107,0.01984984900627751,50.37821696697795,0
8,0.18009187799179927,-0.040845696126119435,-1.1011247795871277,1.0497663656817835,-1.6623059711852015,-1.3429911772357386,0.08572889119386673,0.1801845282316208,-1.2520087957382202,-1.6262640953063965,-0.8332023620605469,0.30782192945480347,-0.21126142144203186,0.20706619322299957,-0.8269338011741638,-1.129437804222107,-0.4380301535129547,0.18870896100997925,-0.15480278432369232,3.4110628219622563,6.203478189205368,-3.7675886617944077,0.3837765758830011,-0.2238516465937982,-0.02272296278436156,-0.034138978,-1.063254,1.020173,-1.6985657,-1.31971,0.073959135,-0.034138978,-1.063254,1.020173,-1.6985657,-1.31971,0.073959135,-0.04084569588303566,-1.1011247634887695,1.0497664213180542,-1.6623059511184692,-1.3429912328720093,0.08572889119386673,0.16766794,0.9467699,-0.73983604,-0.9064929,0.5820316,-0.29424396,-0.5015946,0.0,0.0,0.0,0.0,,,False,0,0.44687547521205484,0.16644890308343996,0.16342162398226245,0.4946264393876984,0.18134241392404155,0.11893844916858358,0.9983217241456132,0.007592960085394095,0.012314206334104663,0.05607480384557583,0.16931085,0.22150986,0.30614725,0.37747952084200814,4.5209002564661205e-05,0.0001513760071247816,0.0005037829978391528,0.0004450109991012141,0.00019133900059387088,0.0001059339992934838,0.0018454319942975417,0.01798761599638965,0.01983304799068719,50.42089347384024,0
9,0.2001317009999184,-0.03968555132021123,-1.0952263635447999,1.0449202696429651,-1.6681772671141566,-1.3391597906695765,0.08378518372774124,0.18673908710479736,-1.2785090208053589,-1.5968283414840698,-0.8180395364761353,0.2723853886127472,-0.17464496195316315,0.21050231158733368,-0.842359721660614,-1.1214346885681152,-0.4323374032974243,0.185976043343544,-0.15258662402629852,3.8781047852664794,6.287621481626864,-3.6192284089370115,0.3996983384602312,-0.2555411618349747,-0.020400277750516185,-0.033024807,-1.0573705,1.0171819,-1.7041221,-1.3169582,0.07216724,-0.033024807,-1.0573705,1.0171819,-1.7041221,-1.3169582,0.07216724,-0.03968555107712746,-1.0952264070510864,1.0449203252792358,-1.6681772470474243,-1.3391598463058472,0.08378518372774124,0.16651863,0.94639546,-0.6934618,-0.8986208,0.55504245,-0.29044855,-0.51454574,0.0,0.0,0.0,0.0,,,False,0,0.4490194597248803,0.16775986255099368,0.16331421829483583,0.49482411802811926,0.181368016293107,0.11886919630670204,0.9982740465686872,0.00791235635475175,0.012912056162647423,0.056741285847026375,0.16931085,0.22150986,0.30614725,0.3776815084111247,4.234899824950844e-05,0.00014262000331655145,0.0005304679943947122,0.0003206609981134534,0.00019412899564485997,0.00010842199844773859,0.0016894550062716007,0.01818796400038991,0.019877419006661512,50.30834232879381,0
10,0.22008546598954126,-0.038578335438863576,-1.08933578551326,1.039755646382467,-1.6743036709227503,-1.3353865782367151,0.08186464011669159,0.2648228704929352,-1.1493269205093384,-1.3492066860198975,-0.6624345183372498,0.30267807841300964,-0.19368650019168854,0.21688519418239594,-0.8577327132225037,-1.1108746528625488,-0.42840588092803955,0.18304798007011414,-0.15185539424419403,1.352998889972188,6.552978790275284,-1.640021256347835,0.39060401393531635,-0.1408874070771932,-0.04025677470076987,-0.032487094,-1.0515178,1.0133528,-1.7101761,-1.3137147,0.07045962,-0.032487094,-1.0515178,1.0133528,-1.7101761,-1.3137147,0.07045962,-0.0385783351957798,-1.0893357992172241,1.0397557020187378,-1.674303650856018,-1.3353866338729858,0.08186464011669159,0.15228099,0.9454476,-0.6600744,-0.89681125,0.5417988,-0.2851255,-0.52124536,0.0,0.0,0.0,0.0,,,False,0,0.4512805072807946,0.16903364750662708,0.16334356062859795,0.4949088095090007,0.18142143065779914,0.11891288728195044,0.9982353913062271,0.008053997250160802,0.01279548138272285,0.0574242833397882,0.16931085,0.22150986,0.30614725,0.3777271728481246,4.286000330466777e-05,0.00014717401063535362,0.0005317719915183261,0.000400630000513047,0.00019217398948967457,0.00010396100697107613,0.0017502730042906478,0.018043630989268422,0.01979390399355907,50.520604744036326,0
11,0.24009322699566837,-0.03746349016298467,-1.0831620556167145,1.0352256933795374,-1.6797706089415492,-1.3316963354693812,0.079977847635746,0.18683411180973053,-1.2224680185317993,-1.4817240238189697,-0.8370130062103271,0.3036547303199768,-0.2153540849685669,0.2127133011817932,-0.873537540435791,-1.1100995540618896,-0.4299243986606598,0.18173152208328247,-0.15156573057174683,3.119008823699994,6.328595308910085,-2.728049248907666,0.3987848613913279,-0.1896381372982109,-0.036697148816522474,-0.03255494,-1.0452744,1.0089581,-1.7157851,-1.3109019,0.06899387,-0.03255494,-1.0452744,1.0089581,-1.7157851,-1.3109019,0.06899387,-0.037463489919900894,-1.0831620693206787,1.035225749015808,-1.679770588874817,-1.3316963911056519,0.079977847635746,0.12271376,0.9471917,-0.65668976,-0.90036297,0.5198634,-0.27459943,-0.5189527,0.0,0.0,0.0,0.0,,,False,0,0.45326010007987966,0.17030660185859914,0.16295328970443532,0.49500679912529144,0.18149511153860343,0.1189703250011696,0.998218083190467,0.007877479259628584,0.010832695586529398,0.058148492620698655,0.16931085,0.22150986,0.30614725,0.37777536942579054,4.3993000872433186e-05,0.00014969999028835446,0.000538862994289957,0.0003199700004188344,0.00019797799177467823,0.00010481399658601731,0.0017026129935402423,0.018136012004106306,0.019838624997646548,50.40671922165119,0
12,0.2601353389909491,-0.036327664052144826,-1.0769937199405213,1.0309751669513147,-1.6854492626585902,-1.3281214872943323,0.07812537997961044,0.13775020837783813,-1.2185883522033691,-1.5776340961456299,-0.8817570209503174,0.31512221693992615,-0.21451590955257416,0.1973964422941208,-0.8802368640899658,-1.1148310899734497,-0.4309544563293457,0.18028126657009125,-0.15055303275585175,3.7396670201926177,5.91699300737126,-3.780884275360048,0.38281141535438157,-0.24236112105202987,-0.021158253542491193,-0.031425588,-1.0390928,1.0062138,-1.7211738,-1.307939,0.067395106,-0.031425588,-1.0390928,1.0062138,-1.7211738,-1.307939,0.067395106,-0.03632766380906105,-1.076993703842163,1.0309752225875854,-1.685449242591858,-1.328121542930603,0.07812537997961044,0.12255191,0.94752324,-0.6190354,-0.89311314,0.50456136,-0.26825684,-0.52845055,0.0,0.0,0.0,0.0,,,False,0,0.4552132237729793,0.17156713225252523,0.16248919096346992,0.4950434541019716,0.18159103900066118,0.11890064836053564,0.998211189946366,0.008783848619377567,0.011322029476395656,0.058043743449494936,0.16931085,0.22150986,0.30614725,0.377831349403308,4.6316999942064285e-05,0.0001472389994887635,0.0005798450001748279,0.0003319209936307743,0.00020103600400034338,0.00011055500362999737,0.0017534040089230984,0.018126896989997476,0.019880300998920575,50.301049267528505,0
13,0.28009286599990446,-0.035446945820943654,-1.0709946018508454,1.0265305677997034,-1.69140686611318,-1.3246420065509241,0.076321080327034,0.16877129673957825,-1.228902816772461,-1.5189965963363647,-0.6474558115005493,0.28855833411216736,-0.21153052151203156,0.20925100147724152,-0.8816331028938293,-1.1076580286026,-0.42819100618362427,0.1797931045293808,-0.15002654492855072,1.4061754123887338,5.651673647456557,-2.4657559416920654,0.3586494846732915,-0.14824608114615226,-0.03604761799985937,-0.030509442,-1.0331128,1.0038484,-1.726775,-1.304717,0.06577401,-0.030509442,-1.0331128,1.0038484,-1.726775,-1.304717,0.06577401,-0.03544694557785988,-1.0709946155548096,1.0265306234359741,-1.6914068460464478,-1.3246420621871948,0.076321080327034,0.12343761,0.9470449,-0.5670534,-0.88420546,0.4981268,-0.26367685,-0.5399421,0.0,0.0,0.0,0.0,,,False,0,0.45729660280091333,0.17268987255084847,0.16219212659000815,0.4950564156041663,0.18159389436517517,0.11882856272993474,0.9982021311155522,0.009078886890961708,0.010560328345550351,0.05829737401166569,0.16931085,0.22150986,0.30614725,0.3778779505936604,3.961200127378106e-05,0.0001312690001213923,0.0005262860067887232,0.00032751099206507206,0.00019196099310647696,0.00010956199548672885,0.0016441829939140007,0.018163358006859198,0.0198075410007732,50.48582254409896,0
14,0.3001283630001126,-0.03466827074159795,-1.0649346870234986,1.0223763624774378,-1.6971436939635218,-1.3213589827166956,0.07456426322460175,0.24262011051177979,-1.2542389631271362,-1.5108561515808105,-0.7411929368972778,0.3617754578590393,-0.21511034667491913,0.21745510399341583,-0.8877813816070557,-1.0982111692428589,-0.4265420138835907,0.1808633655309677,-0.15007753670215607,2.318452969971204,6.661273376363766,-2.8785768381530623,0.3956640907155892,-0.1843796109577125,-0.03764836625906947,-0.030576851,-1.0270998,1.000847,-1.7325444,-1.3022047,0.064407274,-0.030576851,-1.0270998,1.000847,-1.7325444,-1.3022047,0.064407274,-0.034668270498514175,-1.0649347305297852,1.0223764181137085,-1.6971436738967896,-1.3213590383529663,0.07456426322460175,0.10228547,0.9458713,-0.5382351,-0.8850188,0.47885698,-0.2539247,-0.5419772,0.0,0.0,0.0,0.0,,,False,0,0.4592818341132024,0.1737276264964267,0.1617307647372603,0.49503984415418,0.1816655315960617,0.11878598497664565,0.998226586476667,0.010441141316530627,0.01138446933681898,0.0574893258727252,0.16931085,0.22150986,0.30614725,0.37787721404020563,3.9834005292505026e-05,0.0001100699882954359,0.0012974679993931204,0.0003604709927458316,0.0001748839858919382,0.00010672200005501509,0.0023952330084284768,0.017495097999926656,0.019890331008355133,50.27568417941059,0
15,0.3200920959934592,-0.03389579454530889,-1.0589643877795716,1.0186126867877405,-1.7027861080565394,-1.318071190510885,0.07282356917858124,0.24908247590065002,-1.3334836959838867,-1.4710737466812134,-0.7971161603927612,0.3171943426132202,-0.22665910422801971,0.21820876002311707,-0.9921149611473083,-1.1036919355392456,-0.4146163761615753,0.17193081974983215,-0.14520388841629028,2.9214400010085093,6.453361262976283,-3.2199255861857483,0.39532533721698965,-0.21350906735179948,-0.031931816912361126,-0.030104121,-1.0213509,0.9989721,-1.7379518,-1.3011903,0.06516765,-0.030104121,-1.0213509,0.9989721,-1.7379518,-1.3011903,0.06516765,-0.03389579430222511,-1.0589643716812134,1.0186127424240112,-1.7027860879898071,-1.3180712461471558,0.07282356917858124,0.094791815,0.9403372,-0.49101618,-0.8791418,0.42202538,-0.19139792,-0.5456698,0.0,0.0,0.0,0.0005882349796593189,0.0002941175,1.17647,False,3,0.46115777884844383,0.17476987834821087,0.16116524587804718,0.4949385928650958,0.18162216809715545,0.11873564886750453,0.9982882202521141,0.010264591988533953,0.01030583870818081,0.05664851753303773,0.16931085,0.22150986,0.30614725,0.37781948103430035,3.972099511884153e-05,0.00011125700257252902,0.000466322002466768,0.00039104300958570093,0.00019381300080567598,9.510900417808443e-05,0.0016188139998121187,0.018203380997874774,0.019822194997686893,50.448499781012785,0
16,0.34009167600015644,-0.033119980488912404,-1.0532429975322266,1.0150778929339808,-1.7082535229124964,-1.3150623480426233,0.07127425819635391,0.20596778392791748,-1.1902860403060913,-1.4021515846252441,-0.7796228528022766,0.28751301765441895,-0.21543103456497192,0.19973263144493103,-0.8880917429924011,-1.083596110343933,-0.42455923557281494,0.1716168224811554,-0.14163663983345032,2.4242979586997278,6.2091548077063585,-2.5887400939385117,0.38544290314239443,-0.19340974377422548,-0.030552039303779317,-0.030529533,-1.0154243,0.9947517,-1.7436329,-1.297776,0.062042054,-0.030529533,-1.0154243,0.9947517,-1.7436329,-1.297776,0.062042054,-0.03311998024582863,-1.0532430410385132,1.0150779485702515,-1.7082535028457642,-1.315062403678894,0.07127425819635391,0.064761214,0.9454712,-0.5081568,-0.88448495,0.43216097,-0.2308051,-0.5449007,0.0,0.0,0.0,0.0005882349796593189,0.0002941175,1.17647,False,3,0.4629385096096743,0.1757550925074039,0.16059545722343668,0.4947913960597128,0.18152478850226061,0.1188321803035957,0.9982948216488002,0.010048348020374673,0.011166688615913153,0.05640706557409792,0.16931085,0.22150986,0.30614725,0.37765503341505546,9.669500286690891e-05,0.00016172499454114586,0.0005096859968034551,0.00042952000512741506,0.00016745200264267623,0.00010517600458115339,0.001835458999266848,0.017993476998526603,0.01982893599779345,50.43134942345264,0
17,0.36008726799627766,-0.03239566484560186,-1.0473393958858033,1.011925999318258,-1.7135077915587367,-1.3122060934649866,0.06984913349151611,0.12400154769420624,-1.2652205228805542,-1.5117303133010864,-0.810723066329956,0.2682391405105591,-0.24799634516239166,0.19071808457374573,-0.8800283074378967,-1.1045793294906616,-0.43715980648994446,0.17752237617969513,-0.1485234946012497,2.650391876234415,5.860355980931232,-3.257142866051278,0.372269554499265,-0.19176584778976286,-0.034447481130444074,-0.030335225,-1.009497,0.9925131,-1.7486854,-1.2954885,0.061010852,-0.030335225,-1.009497,0.9925131,-1.7486854,-1.2954885,0.061010852,-0.03239566460251808,-1.0473394393920898,1.0119260549545288,-1.7135077714920044,-1.3122061491012573,0.06984913349151611,0.05151099,0.9460585,-0.4853227,-0.8794408,0.41794068,-0.22095701,-0.5494473,0.0,0.0,0.0,0.0005882349796593189,0.0002941175,1.17647,False,3,0.4645984905433009,0.17668786543989368,0.1597746685237591,0.49479357150424974,0.1813835633359607,0.11891190618579467,0.9983246035319424,0.008457185943207357,0.011255703509759513,0.056123072950492105,0.16931085,0.22150986,0.30614725,0.37763235133849754,4.250201163813472e-05,0.00015085699851624668,0.0005205329944146797,0.0003207219997420907,0.00020496400247793645,0.00011092600470874459,0.0017004410037770867,0.018132432000129484,0.01983287300390657,50.42133834079538,0
18,0.38012981599604245,-0.031804863606588185,-1.041447715168335,1.0087736288653772,-1.718910356561178,-1.3094986120807093,0.06843610852956772,0.13384731113910675,-1.2825144529342651,-1.5909262895584106,-0.834670901298523,0.2884528934955597,-0.23489338159561157,0.19158649444580078,-0.8912969827651978,-1.1019303798675537,-0.43292999267578125,0.17802847921848297,-0.15051928162574768,3.507369948089558,6.149163579201753,-3.7617543302865704,0.3956454666327485,-0.23007068412866585,-0.027206047150696355,-0.029331965,-1.0037072,0.9913432,-1.7536566,-1.293302,0.0599505,-0.029331965,-1.0037072,0.9913432,-1.7536566,-1.293302,0.0599505,-0.03180486336350441,-1.0414477586746216,1.008773684501648,-1.7189103364944458,-1.30949866771698,0.06843610852956772,0.06182246,0.94351506,-0.43576232,-0.86865634,0.40491444,-0.21214022,-0.55820715,0.0,0.0,0.0,0.0005882349796593189,0.0002941175,1.17647,False,3,0.46630494706836867,0.1775255262413568,0.15896465404114607,0.49487616516488314,0.18145980837214165,0.11903096118592593,0.9982811142505581,0.00800271688565847,0.011329668828275227,0.056942262026511134,0.16931085,0.22150986,0.30614725,0.3776364438663923,3.9552993257530034e-05,0.00011598900891840458,0.0004606459988281131,0.00028033999842591584,0.00014907399599906057,0.00011850000009872019,0.001497778997872956,0.018397328996798024,0.01989510799467098,50.26361255580296,0
19,0.4001637499895878,-0.03144866624941045,-1.0355509680560608,1.0054338614093226,-1.7246881924071253,-1.306758228932516,0.06705792248249054,0.22072269022464752,-1.2232234477996826,-1.4212896823883057,-0.6913047432899475,0.2748303711414337,-0.23230502009391785,0.21268798410892487,-0.9083908200263977,-1.0910232067108154,-0.42743027210235596,0.1766807585954666,-0.14841732382774353,2.69075740029901,6.488089790527506,-2.3680794618473264,0.3923199901092632,-0.208879619716796,-0.030766914113241055,-0.029010784,-0.9979477,0.99022967,-1.759137,-1.291085,0.058923807,-0.029010784,-0.9979477,0.99022967,-1.759137,-1.291085,0.058923807,-0.031448666006326675,-1.0355509519577026,1.0054339170455933,-1.724688172340393,-1.3067582845687866,0.06705792248249054,0.060947068,0.9400809,-0.38010642,-0.8612206,0.39183217,-0.20335288,-0.5650597,0.0,0.0,0.0,0.0005882349796593189,0.0002941175,1.17647,False,3,0.46816111412290423,0.17825912975451996,0.15826028633038403,0.4949578691154608,0.18142782849714054,0.11904689682952872,0.9982684453304064,0.007157828077373116,0.010167657639855537,0.05749304973925276,0.16931085,0.22150986,0.30614725,0.3777023822891987,3.783201100304723e-05,0.00011126000026706606,0.00047451400314457715,0.00028682999254669994,0.00015297799836844206,0.00011396099580451846,0.0015012929943623021,0.01838837099785451,0.01988966399221681,50.277370215571175,0
20,0.4200807589950273,-0.03108102480043584,-1.0294915002635499,1.0024407545672815,-1.7302595577635707,-1.3040674368487757,0.0656326487660408,0.2583097517490387,-1.2555674314498901,-1.4566258192062378,-0.7555401921272278,0.2972283661365509,-0.20578446984291077,0.21715347468852997,-0.9213569760322571,-1.0818068981170654,-0.4256790578365326,0.17565658688545227,-0.14708076417446136,2.2863280975143527,6.834744547815578,-2.862002759701502,0.41921276897483706,-0.18717346758549888,-0.04060354921950256,-0.029588504,-0.99193966,0.9874424,-1.7648498,-1.2894025,0.058097895,-0.029588504,-0.99193966,0.9874424,-1.7648498,-1.2894025,0.058097895,-0.031081024557352066,-1.0294915437698364,1.0024408102035522,-1.7302595376968384,-1.3040674924850464,0.0656326487660408,0.03731303,0.93879646,-0.37496042,-0.8647573,0.36662528,-0.18836886,-0.5626367,0.0,0.0,0.0,0.0005882349796593189,0.0002941175,1.17647,False,3,0.4698937556064915,0.17899140431480257,0.1573303226501616,0.4950507746198926,0.18148458701920794,0.11907915940289089,0.9982269527376434,0.007590626198222636,0.011020174184195205,0.057999015194705704,0.16931085,0.22150986,0.30614725,0.3777604910656845,3.897900751326233e-05,0.00010873100836761296,0.00045659299939870834,0.00038716100971214473,0.00019406000501476228,9.915301052387804e-05,0.0016016130102798343,0.018172380994656123,0.019773994004935957,50.57147280161921,0
21,0.4400885590002872,-0.030652348195211232,-1.0233351749232789,0.9998348394977015,-1.7358328304686488,-1.3015344778644007,0.06427225470542908,0.15817444026470184,-1.314551591873169,-1.5605956315994263,-0.8052456378936768,0.29839447140693665,-0.2103651762008667,0.20155596733093262,-0.9337090849876404,-1.088849425315857,-0.42867571115493774,0.17311963438987732,-0.14565087854862213,3.020822533709744,6.402997857934136,-3.411964394510141,0.40500989738059967,-0.21024611934547324,-0.033275231889715,-0.02958795,-0.9858474,0.98576975,-1.7702425,-1.2876775,0.057306834,-0.02958795,-0.9858474,0.98576975,-1.7702425,-1.2876775,0.057306834,-0.030652347952127457,-1.0233352184295654,0.9998348355293274,-1.7358328104019165,-1.3015345335006714,0.06427225470542908,0.02660994,0.9371951,-0.351627,-0.860242,0.34642464,-0.17413555,-0.56444937,0.0,0.0,0.0,0.0005882349796593189,0.0002941175,1.17647,False,3,0.4715290123734375,0.1797198469771719,0.15620955631341887,0.49504846163135796,0.1814908997857845,0.11908286787871994,0.9982371986512362,0.007165910603259134,0.010615972655770608,0.05795189438121869,0.16931085,0.22150986,0.30614725,0.37775599133351645,4.82159957755357e-05,0.00011699201422743499,0.00046495700371451676,0.00029221500153653324,0.00015534799604211003,0.00026226499176118523,0.0016757929988671094,0.018186565008363687,0.019862358007230796,50.346489557581975,0
22,0.460088588995859,-0.030285183583394826,-1.0173123639873047,0.9972270170794886,-1.74139465908193,-1.2990301291095179,0.06297549605369568,0.13516637682914734,-1.315098524093628,-1.520473599433899,-0.8047637343406677,0.2710689902305603,-0.19983753561973572,0.19976745545864105,-0.9371122121810913,-1.0893683433532715,-0.4289320111274719,0.17104248702526093,-0.14444874227046967,3.055255757026343,6.129428231237854,-3.1593775062130387,0.38990584797099975,-0.21842225090833392,-0.030550784115838114,-0.02936555,-0.9799309,0.98471916,-1.7755371,-1.2856163,0.056439914,-0.02936555,-0.9799309,0.98471916,-1.7755371,-1.2856163,0.056439914,-0.03028518334031105,-1.0173124074935913,0.9972270131111145,-1.7413946390151978,-1.2990301847457886,0.06297549605369568,0.022990832,0.9345379,-0.31269604,-0.85356367,0.33534813,-0.16338958,-0.568791,0.0,0.0,0.0,0.0005882349796593189,0.0002941175,1.17647,False,3,0.47316364262807376,0.1804140139317895,0.15514283452123168,0.495118769305678,0.18145497026640464,0.11904213029476121,0.9982141606009458,0.007703293510295506,0.01046882080934035,0.05830519970502404,0.16931085,0.22150986,0.30614725,0.37784059789165214,3.874200046993792e-05,0.00011617199925240129,0.0004804419877473265,0.0003097320004599169,0.00015939200238790363,0.00012549199163913727,0.0015608879912178963,0.018294099005288444,0.01985498699650634,50.36518030336453,0
23,0.4801317239907803,-0.030072991047994435,-1.011288658981659,0.9948166052447718,-1.7469750843443812,-1.2966693083392542,0.061793502420186996,0.18553759157657623,-1.320192575454712,-1.451283574104309,-0.7602192163467407,0.28176459670066833,-0.21264511346817017,0.2052217721939087,-0.9426745176315308,-1.0840871334075928,-0.427547425031662,0.17125652730464935,-0.1440298706293106,2.3829183535617737,6.319733180013793,-2.8424611837504554,0.39041996587420436,-0.18010316835571855,-0.036061375294819106,-0.029240064,-0.9740394,0.98369485,-1.7808807,-1.2834972,0.055727854,-0.029240064,-0.9740394,0.98369485,-1.7808807,-1.2834972,0.055727854,-0.03007299080491066,-1.0112886428833008,0.9948166012763977,-1.746975064277649,-1.296669363975525,0.061793502420186996,0.020823179,0.931231,-0.2780437,-0.8476396,0.32930395,-0.15164118,-0.572785,0.0,0.0,0.0,0.0005882349796593189,0.0002941175,1.17647,False,3,0.4747814613103667,0.1810039789034075,0.1539966278880828,0.49513259603512877,0.181426356815747,0.11906466931792486,0.998214174733314,0.007308433376411015,0.010377327227902139,0.05837257630344067,0.16931085,0.22150986,0.30614725,0.3778443946029664,3.8569996831938624e-05,0.00011477099906187505,0.0004585599963320419,0.00034516400774009526,0.00015635800082236528,0.00011570700735319406,0.0015564639907097444,0.018338827998377383,0.019895291989087127,50.263147710951685,0
24,0.5001324030017713,-0.029932800923482716,-1.0053343337825318,0.9926670233355921,-1.75236239055776,-1.2944753805743616,0.06067659705877304,0.24501144886016846,-1.314581036567688,-1.496654987335205,-0.7176918983459473,0.31222081184387207,-0.19293268024921417,0.18493588268756866,-0.9493811130523682,-1.079791784286499,-0.4268866181373596,0.1724034994840622,-0.14356255531311035,2.9519010683008498,6.694142489124272,-3.1725135035758507,0.41048507503053333,-0.20246004488494365,-0.037352466981242435,-0.029152866,-0.96820825,0.98285574,-1.7859348,-1.2816821,0.055159986,-0.029152866,-0.96820825,0.98285574,-1.7859348,-1.2816821,0.055159986,-0.02993280068039894,-1.0053343772888184,0.992667019367218,-1.7523623704910278,-1.2944754362106323,0.06067659705877304,0.01949835,0.9281533,-0.24528274,-0.83931035,0.3198313,-0.13791533,-0.5760752,0.0,0.0,0.0,0.0005882349796593189,0.0002941175,1.17647,False,3,0.47631067219708756,0.1815249224586241,0.15275358593209434,0.49513234081325846,0.181476524729714,0.11902259899625518,0.9981583883116534,0.008248675811650083,0.011396140285355162,0.059008117029994735,0.16931085,0.22150986,0.30614725,0.37785968816893545,3.9485006709583104e-05,0.00011223800538573414,0.0004559069930110127,0.00029537199588958174,0.000153645989485085,0.00012659499770961702,0.0015192580030998215,0.018335753004066646,0.019855011007166468,50.36511939676387,0
25,0.5201319689949742,-0.029832188283101857,-0.9993006151965638,0.9906490484820765,-1.7578426800169886,-1.2923224608050745,0.059629715979099274,0.23823362588882446,-1.3160009384155273,-1.4378753900527954,-0.753614604473114,0.3151726722717285,-0.19000260531902313,0.15860728919506073,-0.9564048647880554,-1.0768424272537231,-0.42585229873657227,0.1724301129579544,-0.14271734654903412,2.89141054656101,6.924251895904545,-3.035367369397242,0.41894725483890366,-0.20377015901942702,-0.039905284091654045,-0.029371524,-0.9623198,0.9818222,-1.7912033,-1.2800761,0.054720026,-0.029371524,-0.9623198,0.9818222,-1.7912033,-1.2800761,0.054720026,-0.02983218804001808,-0.9993005990982056,0.9906490445137024,-1.7578426599502563,-1.2923225164413452,0.059629715979099274,0.011516594,0.92452,-0.22067186,-0.83401376,0.30615935,-0.12274228,-0.577503,0.0,0.0,0.0,0.0005882349796593189,0.0002941175,1.17647,False,3,0.4778306436974757,0.18201820704751026,0.15143170774571713,0.495176708393519,0.1814556036391074,0.11912933326133118,0.9981619225945755,0.006747091665125353,0.010402776143387117,0.059321730623410576,0.16931085,0.22150986,0.30614725,0.37784732289891676,3.861299774143845e-05,0.00011197100684512407,0.0004734499962069094,0.000293748002150096,0.00015878200065344572,0.00011650999658741057,0.0015181689959717914,0.018335643006139435,0.019853812002111226,50.368161030922494,0
26,0.5401299899967853,-0.029653374348775685,-0.9933022421649476,0.988870922719137,-1.763372083703512,-1.290156666432516,0.05868367850780487,0.19849291443824768,-1.3274426460266113,-1.4014513492584229,-0.7725083231925964,0.29505807161331177,-0.20404654741287231,0.12394772469997406,-0.9630959033966064,-1.0770139694213867,-0.42605069279670715,0.17128689587116241,-0.14171278476715088,2.1671764645421665,6.232118950413353,-2.8997888239894953,0.393105508222927,-0.18534685431601064,-0.03715509121057142,-0.0296927,-0.9565189,0.9810437,-1.7966554,-1.2789482,0.054389328,-0.0296927,-0.9565189,0.9810437,-1.7966554,-1.2789482,0.054389328,-0.02965337410569191,-0.9933022260665894,0.9888709187507629,-1.7633720636367798,-1.2901567220687866,0.05868367850780487,-0.0009831558,0.91958344,-0.1956801,-0.8320846,0.2802123,-0.10735881,-0.5770487,0.0,0.0,0.0,0.0005882349796593189,0.0002941175,1.17647,False,3,0.4792877981143735,0.18255335445165544,0.1500459323139575,0.49517664908325404,0.18137229575499797,0.11889623548604324,0.9981450180638602,0.00788216214464226,0.011446914571351621,0.0592735481019571,0.16931085,0.22150986,0.30614725,0.37797153680180745,3.880899748764932e-05,0.00011558200640138239,0.0004611859912984073,0.0004611309996107593,0.00018952500249724835,9.81940102064982e-05,0.0016911619895836338,0.018157030004658736,0.01984819199424237,50.382422756192774,0
27,0.5601306859898614,-0.029595677052633107,-0.9872860473445435,0.9873760382281702,-1.768764158288473,-1.2881315390216272,0.05784069374203682,0.19166311621665955,-1.3675249814987183,-1.4831024408340454,-0.7989165782928467,0.2874659299850464,-0.18776819109916687,0.06731560081243515,-0.9698996543884277,-1.0772043466567993,-0.4274132549762726,0.1687551587820053,-0.14070838689804077,2.740453293288779,6.266394535308102,-3.289658947633775,0.40193869850451475,-0.20401462680422602,-0.03603293036565586,-0.029832158,-0.9506214,0.9797003,-1.8019111,-1.2771945,0.05423099,-0.029832158,-0.9506214,0.9797003,-1.8019111,-1.2771945,0.05423099,-0.02959567680954933,-0.9872860312461853,0.9873760342597961,-1.7687641382217407,-1.288131594657898,0.05784069374203682,-0.0059120297,0.9166147,-0.19189262,-0.8286748,0.27342647,-0.09024258,-0.57685214,0.0,0.0,0.0,0.0005882349796593189,0.0002941175,1.17647,False,3,0.48067142417090414,0.1830012722182508,0.14852244404997106,0.4952359225854984,0.18139174460117602,0.11900779011914567,0.9981523044284403,0.006952640167934077,0.009823646787079691,0.05955740905821641,0.16931085,0.22150986,0.30614725,0.3779653300077701,8.297301246784627e-05,0.00013760400179307908,0.00046469499648083,0.0002533710066927597,0.00015218699991237372,0.00012134600547142327,0.0015261250082403421,0.018330390987102874,0.019856515995343216,50.361302065000814,0
28,0.580136833988945,-0.029576603566304982,-0.981429473762848,0.9859789053546351,-1.7741333446898402,-1.2862194220172327,0.05703149735927582,0.13750682771205902,-1.3794794082641602,-1.5538330078125,-0.7835621237754822,0.3104248344898224,-0.1780301034450531,0.006617852486670017,-0.9776758551597595,-1.0813148021697998,-0.4287230968475342,0.1686444729566574,-0.1395549178123474,2.609447006527606,6.64089656745403,-3.2403475595042512,0.407438658194346,-0.19348571279534368,-0.037425559490286836,-0.029575126,-0.94502455,0.9799555,-1.8067003,-1.2754501,0.05406218,-0.029575126,-0.94502455,0.9799555,-1.8067003,-1.2754501,0.05406218,-0.029576603323221207,-0.9814294576644897,0.985978901386261,-1.774133324623108,-1.2862194776535034,0.05703149735927582,3.6936253e-05,0.9101225,-0.15058504,-0.814176,0.2692349,-0.074232966,-0.5802102,0.0,0.0,0.0,0.0005882349796593189,0.0002941175,1.17647,False,3,0.4820288572089622,0.1834057096404379,0.14702504344176748,0.49510410758714773,0.18146866583526355,0.11899489671317746,0.9982114865430747,0.007308807305932521,0.010270162980682276,0.058437206693572864,0.16931085,0.22150986,0.30614725,0.37784989662748997,8.824400720186532e-05,0.0001316230045631528,0.0004621150001185015,0.00028095400193706155,0.0001503690000390634,0.00011397499474696815,0.0015320979873649776,0.0183273709990317,0.019859468986396678,50.35381362336421,0
29,0.6001297199982218,-0.029569451008931935,-0.9755372566035767,0.9846351782428187,-1.7794743976988734,-1.2843635717975062,0.05636432766914368,0.13612468540668488,-1.3429036140441895,-1.4323132038116455,-0.7320749759674072,0.27599313855171204,-0.17944759130477905,-0.0215718112885952,-0.982997715473175,-1.0748800039291382,-0.4263037145137787,0.16995152831077576,-0.13878561556339264,2.6109967225526343,6.7659091324301235,-3.0902184856374184,0.40365731324115134,-0.19599254029305863,-0.036739355829817764,-0.029643679,-0.93946433,0.98050356,-1.8115373,-1.2739078,0.05405196,-0.029643679,-0.93946433,0.98050356,-1.8115373,-1.2739078,0.05405196,-0.02956945076584816,-0.9755372405052185,0.9846351742744446,-1.7794743776321411,-1.2843636274337769,0.05636432766914368,-0.0018556952,0.90182257,-0.10329073,-0.8015723,0.26139534,-0.057809122,-0.582538,0.0,0.0,0.0,0.0005882349796593189,0.0002941175,1.17647,False,3,0.4833622970852734,0.1837921614687077,0.14547911264240415,0.49503314466340526,0.18141929564644216,0.11889913030511376,0.998209089218599,0.007049398084700872,0.011995408138669941,0.0581813999089425,0.16931085,0.22150986,0.30614725,0.37784139799830774,3.987200034316629e-05,0.00011392599844839424,0.00045200200111139566,0.00028765000752173364,0.0001516579941380769,0.0001165470021078363,0.0014902199909556657,0.01835276500787586,0.019842984998831525,50.39564360195233,0
30,0.6200786289991811,-0.02958852449526006,-0.9696275156787415,0.9834807554828089,-1.7846247158446253,-1.2826240698443812,0.055805008858442307,0.15842200815677643,-1.4022444486618042,-1.4346226453781128,-0.7601993083953857,0.28115054965019226,-0.19816790521144867,-0.023958895355463028,-0.9888473153114319,-1.0655829906463623,-0.42378172278404236,0.17012955248355865,-0.13803045451641083,2.61346822747263,6.900093630628949,-3.196524763174483,0.42339251171576797,-0.20706262201404718,-0.036594184723314827,-0.030100407,-0.9338064,0.97960854,-1.8164771,-1.2728807,0.054347202,-0.030100407,-0.9338064,0.97960854,-1.8164771,-1.2728807,0.054347202,-0.029588524252176285,-0.9696274995803833,0.9834807515144348,-1.784624695777893,-1.2826241254806519,0.055805008858442307,-0.012797087,0.89552754,-0.096805364,-0.7963079,0.24358593,-0.03644516,-0.5799682,0.0,0.0,0.0,0.0005882349796593189,0.0002941175,1.17647,False,3,0.48461274450764047,0.18414182357135647,0.1438219342144008,0.49508430182694807,0.18143284656104897,0.11897767022872813,0.9981818078812038,0.00624242122934654,0.011782051709174932,0.0587821041727723,0.16931085,0.22150986,0.30614725,0.3778451503385568,3.858600393868983e-05,0.00010918900079559535,0.0004696870018960908,0.0002908529859269038,0.00015551201067864895,0.00011485099093988538,0.0015021560102468356,0.018304381999769248,0.019806538010016084,50.4883791147299,0
31,0.6400848909979686,-0.0295489470111292,-0.9638307255557557,0.9826491514789026,-1.7898708782591761,-1.2808740774737757,0.05533800646662712,0.15271583199501038,-1.4977927207946777,-1.4955922365188599,-0.7566689252853394,0.2641712427139282,-0.18340201675891876,-0.016465231776237488,-1.0987770557403564,-1.0925043821334839,-0.41741055250167847,0.16587993502616882,-0.13747192919254303,2.7837299675981013,6.498638226979061,-3.6179578876850162,0.41563451804603213,-0.20899926543071257,-0.03323621065313056,-0.03039132,-0.928259,0.9795208,-1.8213923,-1.2715598,0.054583117,-0.03039132,-0.928259,0.9795208,-1.8213923,-1.2715598,0.054583117,-0.029548946768045425,-0.9638307094573975,0.9826491475105286,-1.7898708581924438,-1.2808741331100464,0.05533800646662712,-0.021059366,0.889293,-0.078209355,-0.7880374,0.23285808,-0.018872214,-0.57841086,0.0,0.0,0.0,0.0005882349796593189,0.0002941175,1.17647,False,3,0.48579541828437567,0.18452379883329054,0.1421156706129554,0.49502696250080835,0.18144323513978997,0.11891866184740225,0.9981761392478585,0.006998746619761046,0.010836087254748166,0.05897438500152813,0.16931085,0.22150986,0.30614725,0.3778238501116467,3.732398909050971e-05,0.0001053849991876632,0.0005073709908174351,0.00044376599544193596,0.00019378999422769994,9.660499927122146e-05,0.0016651990008540452,0.01820712399785407,0.019872322998708114,50.32124327211314,0
32,0.6600867609959096,-0.0295642058001917,-0.9583376807025452,0.981969181691305,-1.7947589359679164,-1.2793224493609827,0.05497044697403908,0.066390261054039,-1.4628404378890991,-1.4855202436447144,-0.8139171004295349,0.2812081575393677,-0.1865442544221878,-0.06681752949953079,-0.9836582541465759,-1.0624638795852661,-0.4223390519618988,0.16655921936035156,-0.13565285503864288,2.658310903627342,6.523091285968914,-3.3825463230926096,0.41541737850484406,-0.20018000968827754,-0.0359289605498539,-0.031027945,-0.9229454,0.97843224,-1.826416,-1.2704443,0.05499373,-0.031027945,-0.9229454,0.97843224,-1.826416,-1.2704443,0.05499373,-0.029564205557107925,-0.958337664604187,0.9819691777229309,-1.794758915901184,-1.2793225049972534,0.05497044697403908,-0.036593474,0.88480777,-0.088422924,-0.79142755,0.22195491,0.00058210903,-0.57372254,0.0,0.0,0.0,0.0005882349796593189,0.0002941175,1.17647,False,3,0.48687731478442214,0.18483715890365293,0.14043867051384595,0.49507248881845506,0.18142022380772357,0.11897181911138105,0.9981961048091738,0.007771913708076583,0.009004594349950592,0.05884812046384544,0.16931085,0.22150986,0.30614725,0.3778392029756172,3.6254001315683126e-05,0.00010885900701396167,0.0004878009931417182,0.000294684010441415,0.00015511100355070084,0.00010530899453442544,0.0014709259994560853,0.018400176006252877,0.019871102005708963,50.32433529417242,0
33,0.6801307529967744,-0.029624764119283498,-0.9529088300517579,0.9813936392413538,-1.7996465168394984,-1.2778027693377894,0.05474301055073738,-0.011613782495260239,-1.3544740676879883,-1.4792884588241577,-0.8187944889068604,0.2874930799007416,-0.18473601341247559,-0.1452738642692566,-0.9784995913505554,-1.0743939876556396,-0.432165265083313,0.16773545742034912,-0.12342337518930435,2.678257697574733,6.832802050972863,-3.2248326141212384,0.4129549502780492,-0.20291522336269496,-0.034195092141700044,-0.030601993,-0.9180131,0.97886884,-1.8304851,-1.2689375,0.055604137,-0.030601993,-0.9180131,0.97886884,-1.8304851,-1.2689375,0.055604137,-0.029624763876199722,-0.9529088139533997,0.9813936352729797,-1.7996464967727661,-1.27780282497406,0.05474301055073738,-0.024430715,0.8723936,-0.06312017,-0.7709656,0.22163293,0.021528145,-0.57308435,0.0,0.0,0.0,0.0005882349796593189,0.0002941175,1.17647,False,3,0.4879371586332047,0.185121862898381,0.13874946160718904,0.49501281614799036,0.18151084941555864,0.11904504069256773,0.9981392725489538,0.007294546083036093,0.009582415459659342,0.05977397583962981,0.16931085,0.22150986,0.30614725,0.37774187674946513,3.9018996176309884e-05,0.00011466999421827495,0.0005017200019210577,0.00027600199973676354,0.00015169799735303968,0.00011629100481513888,0.0015032820083433762,0.018393898993963376,0.019897181002306752,50.25837579122723,0
34,0.7000818459928269,-0.02973634401430303,-0.947360710506775,0.9808462301837366,-1.804537912408346,-1.2763355414019983,0.05467100068926811,-0.11557643860578537,-1.3096054792404175,-1.4915746450424194,-0.82379549741745,0.2558077573776245,-0.16051781177520752,-0.19236421585083008,-0.9981003999710083,-1.072166085243225,-0.42801156640052795,0.16846363246440887,-0.031905971467494965,3.5881148156249183,6.744159603862806,-3.44647184653584,0.4207171600650861,-0.22421934720446246,-0.025498554081483743,-0.03046914,-0.9131183,0.97963625,-1.8343583,-1.2676535,0.056422815,-0.03046914,-0.9131183,0.97963625,-1.8343583,-1.2676535,0.056422815,-0.029736343771219254,-0.9473606944084167,0.9808462262153625,-1.8045378923416138,-1.276335597038269,0.05467100068926811,-0.018319895,0.85606015,-0.030249551,-0.7455125,0.21705188,0.043795336,-0.57074577,0.0,0.0,0.0,0.0005882349796593189,0.0002941175,1.17647,False,3,0.48899058642868365,0.1853698958078097,0.13698478275659073,0.4950480284298474,0.1815283833704596,0.11917523272758537,0.9981760514217363,0.006870372178348583,0.007371968753712906,0.05952346094598041,0.16931085,0.22150986,0.30614725,0.3777059176798639,4.0314000216312706e-05,0.00011368199193384498,0.0004715429968200624,0.0002959039993584156,0.00015440001152455807,0.00011117699614260346,0.0015120930038392544,0.01829409899073653,0.019806191994575784,50.48926114994062,0
35,0.7201368959940737,-0.029856030141012013,-0.9417617481997986,0.9802797476397913,-1.8096353016295375,-1.2748950163470667,0.054686546325683594,-0.15348665416240692,-1.3092542886734009,-1.422568678855896,-0.7463883757591248,0.2359720915555954,-0.049303170293569565,-0.16867880523204803,-1.0209652185440063,-1.0680962800979614,-0.42296963930130005,0.16895273327827454,0.06369461864233017,2.5352364287235645,6.244767702348704,-2.828585468325193,0.4044163338054616,-0.18534273444554597,-0.03256824150954801,-0.030803857,-0.9082605,0.98020476,-1.8388045,-1.2670257,0.057422396,-0.030803857,-0.9082605,0.98020476,-1.8388045,-1.2670257,0.057422396,-0.029856029897928238,-0.9417617321014404,0.9802797436714172,-1.8096352815628052,-1.2748950719833374,0.054686546325683594,-0.0236957,0.83753043,-0.0018748116,-0.7292292,0.19673473,0.06839625,-0.56562406,0.0,0.0,0.0,0.0005882349796593189,0.0002941175,1.17647,False,3,0.49008151553992424,0.1856064420344111,0.13522120221984602,0.4950565983897594,0.18143566434148292,0.11905023510380032,0.9981742174511439,0.006797889042824897,0.005501483663051264,0.059764536800692276,0.16931085,0.22150986,0.30614725,0.37778502333529923,0.00010456299060024321,0.00015120799071155488,0.000511701000505127,0.0002940500125987455,0.00018797100347001106,0.00010717799887061119,0.001717627004836686,0.018176561992731877,0.019894188997568563,50.26593444559205,0
36,0.7400958149955841,-0.030023876820699513,-0.9361484211734314,0.9800522963153284,-1.8143826923766078,-1.273559872304098,0.054798174649477005,-0.08917203545570374,-1.4468728303909302,-1.5210092067718506,-0.7416267991065979,0.30011820793151855,0.07327735424041748,-0.1473388373851776,-1.0368831157684326,-1.0664767026901245,-0.4219571352005005,0.1665867418050766,0.14760559797286987,2.8421929887981765,7.013379393413379,-3.4818810385500853,0.43553167578145763,-0.20907724383895385,-0.027882061387909003,-0.03148083,-0.90332943,0.97990745,-1.8429943,-1.2661954,0.05866422,-0.03148083,-0.90332943,0.97990745,-1.8429943,-1.2661954,0.05866422,-0.030023876577615738,-0.9361484050750732,0.9800522923469543,-1.8143826723098755,-1.2735599279403687,0.054798174649477005,-0.036423814,0.8204742,-0.0036208264,-0.7152918,0.18411364,0.09665116,-0.5568074,0.0,0.0,0.0,0.0005882349796593189,0.0002941175,1.17647,False,3,0.49102720672349065,0.18579965784272906,0.13327755841331873,0.49509877557696874,0.1813888771006979,0.11896024694295876,0.998186458735583,0.005940751583921061,0.0064203919682091735,0.05955876700523631,0.16931085,0.22150986,0.30614725,0.3778709263160492,9.324098937213421e-05,0.00015003400039859116,0.000512692000484094,0.0005833030008943751,0.00019240299297962338,0.00010857300367206335,0.0019925079977838323,0.017799940003897063,0.019792448001680896,50.52432119134904,0
37,0.7600849890004611,-0.03013641039003545,-0.9306145471385499,0.9799717108355921,-1.8190986118712367,-1.2721756140338343,0.05503753945231438,-0.15084761381149292,-1.5194151401519775,-1.5284360647201538,-0.775076687335968,0.27991926670074463,0.1058301329612732,-0.1734362095594406,-1.0486774444580078,-0.9838081002235413,-0.4228716790676117,0.16452237963676453,0.14933311939239502,2.9017892644305374,6.836079576938392,-3.739822952870832,0.44287864190578996,-0.20002311188916994,0.013443339223831834,-0.031916697,-0.8987206,0.9803551,-1.846655,-1.2653131,0.06010461,-0.031916697,-0.8987206,0.9803551,-1.846655,-1.2653131,0.06010461,-0.030136410146951675,-0.9306145310401917,0.979971706867218,-1.8190985918045044,-1.272175669670105,0.05503753945231438,-0.044507183,0.79734725,0.009584332,-0.6889114,0.17156444,0.12667675,-0.5464487,0.0,0.0,0.0,0.0005882349796593189,0.0002941175,1.17647,False,3,0.49191503575618983,0.18603222341462317,0.1313164755539321,0.49505919611906135,0.18136442568398756,0.11909667906265084,0.9981980048397434,0.005118977813910396,0.005905151486698701,0.05949466048649977,0.16931085,0.22150986,0.30614725,0.37777182809929144,3.957698936574161e-05,0.00011588699999265373,0.0005350630090106279,0.00030280600185506046,0.00020421799854375422,0.0001195030054077506,0.0016432440024800599,0.018200100006652065,0.019843344009132124,50.394731832486954,0
38,0.7800942649919307,-0.030327622090474904,-0.9253114026835938,0.9798806349383753,-1.8238617382445277,-1.2708833853351038,0.05550823360681534,-0.1977972537279129,-1.4361841678619385,-1.47525954246521,-0.7829136252403259,0.2910396456718445,0.15756340324878693,-0.22881579399108887,-1.0585064888000488,-0.8914605975151062,-0.4212467074394226,0.1639193892478943,0.1511322259902954,2.6038079759715083,6.436973862595861,-3.4880622456047625,0.4286880576264624,-0.16137540937403053,0.0743940108757011,-0.032264218,-0.8944108,0.98120713,-1.8504411,-1.2640836,0.061562974,-0.032264218,-0.8944108,0.98120713,-1.8504411,-1.2640836,0.061562974,-0.03032762184739113,-0.9253113865852356,0.9798806309700012,-1.8238617181777954,-1.2708834409713745,0.05550823360681534,-0.04841492,0.77251536,0.03316263,-0.66448367,0.16999678,0.1513685,-0.53652096,0.0,0.0,0.0,0.0005882349796593189,0.0002941175,1.17647,False,3,0.4928246063842838,0.18620461121808898,0.12946593153942207,0.4950926808337232,0.18128726248357638,0.11898103033367877,0.9982292565337654,0.005004328826288584,0.004539994136329314,0.0590994210056674,0.16931085,0.22150986,0.30614725,0.3778661794304577,4.103800165466964e-05,0.00014778500190004706,0.000549493997823447,0.0002769270067801699,0.00018629399710334837,9.569399117026478e-05,0.0016211479960475117,0.01819250399421435,0.01981365199026186,50.470251546332115,0
39,0.800145885994425,-0.03056365648378545,-0.9200644058040162,0.9799082914935511,-1.8284241161742152,-1.2697199026690882,0.05619807168841362,-0.19898736476898193,-1.4227527379989624,-1.356070876121521,-0.8062734007835388,0.31637248396873474,0.16966529190540314,-0.22885729372501373,-1.0700817108154297,-0.7750142216682434,-0.41991284489631653,0.1649920493364334,0.1523229479789734,2.7597340167620126,6.724205585833459,-3.6642238349031704,0.42958913432567014,-0.17500353070898736,0.06016227907477129,-0.032614354,-0.89050215,0.982052,-1.8537247,-1.2625966,0.0635802,-0.032614354,-0.89050215,0.982052,-1.8537247,-1.2625966,0.0635802,-0.030563656240701675,-0.920064389705658,0.979908287525177,-1.828424096107483,-1.2697199583053589,0.05619807168841362,-0.05126748,0.7390559,0.053593762,-0.6325142,0.17808317,0.1845532,-0.52127916,0.0,0.0,0.0,0.0005882349796593189,0.0002941175,1.17647,False,3,0.4936678226075375,0.1863275250943348,0.12756313615551745,0.4951301289329857,0.181492843180149,0.11909648216137586,0.9982148600535377,0.007796980759962747,0.010305862289801643,0.05831078607718949,0.16931085,0.22150986,0.30614725,0.37781946883427325,4.34929970651865e-05,0.00015138399612624198,0.0005070549959782511,0.00028473300335463136,0.00019511500431690365,0.0001105310075217858,0.0016380360029870644,0.018251453002449125,0.01988948900543619,50.27781255348894,0
40,0.8201421190024121,-0.03083211580385381,-0.915026382809021,0.9799354712115687,-1.8328844509520472,-1.2686174551593226,0.057051967829465866,-0.22149735689163208,-1.4854873418807983,-1.143580675125122,-0.7770894169807434,0.3249046504497528,0.15386995673179626,-0.2258596122264862,-1.0850028991699219,-0.626103937625885,-0.41857677698135376,0.16730640828609467,0.1545150876045227,2.2686975966831673,6.870105768519961,-3.4368639759529858,0.432779504898726,-0.1626942649333031,0.052786178142395765,-0.0332615,-0.88701284,0.9830085,-1.8566525,-1.2621243,0.06565913,-0.0332615,-0.88701284,0.9830085,-1.8566525,-1.2621243,0.06565913,-0.030832115560770035,-0.9150263667106628,0.9799354672431946,-1.832884430885315,-1.2686175107955933,0.057051967829465866,-0.06073463,0.70033807,0.07682529,-0.5942029,0.16232944,0.215179,-0.5043872,0.0,0.0,0.0,0.0005882349796593189,0.0002941175,1.17647,False,3,0.49449225970287725,0.1864208646217168,0.12574078560565743,0.4951610264823997,0.1814115735960205,0.11893732278153298,0.9982318708688408,0.008467873190932318,0.010695386481961583,0.05785319574052981,0.16931085,0.22150986,0.30614725,0.37793354449663175,4.422001074999571e-05,0.0001535280025564134,0.0005032500048400834,0.0002997900010086596,0.0001909669954329729,0.00011058899690397084,0.0016423420020146295,0.01819315701141022,0.01983549901342485,50.414663090814635,0
41,0.8401333289948525,-0.031187359486715138,-0.9101103109172364,0.9800894896136683,-1.8371602497496546,-1.2674549261676233,0.05803370475769043,-0.19396376609802246,-1.4646661281585693,-1.0050950050354004,-0.7169095873832703,0.3187088966369629,0.19855454564094543,-0.22905486822128296,-1.1014949083328247,-0.601138710975647,-0.41675758361816406,0.16596455872058868,0.15737181901931763,1.9955471260485904,7.28630435273793,-3.2124383607022473,0.4304085671527775,-0.15386379478939916,0.05203845999153023,-0.03395024,-0.8842721,0.98402274,-1.8590658,-1.261412,0.06808493,-0.03395024,-0.8842721,0.98402274,-1.8590658,-1.261412,0.06808493,-0.031187359243631363,-0.9101102948188782,0.9800894856452942,-1.8371602296829224,-1.267454981803894,0.05803370475769043,-0.06907199,0.645955,0.09833118,-0.5476393,0.15107383,0.25128064,-0.48071656,0.0,0.0,0.0,0.0005882349796593189,0.0002941175,1.17647,False,3,0.49526089685371355,0.18648655558250704,0.12391149536933341,0.49509466915591116,0.18142146787348287,0.11903004137437415,0.9982093048021995,0.0075103684347011465,0.010524626340828402,0.05840342656216731,0.16931085,0.22150986,0.30614725,0.37782935684287583,0.00012586401135195047,0.00013027699606027454,0.0005141080036992207,0.0004452639986993745,0.00017244499758817255,0.00010694599768612534,0.0018620379996718839,0.017967410996789113,0.019829448996460997,50.430044736919925,0
42,0.8601381789922016,-0.031499687825338185,-0.9053510588458558,0.9804042021380823,-1.841081281701559,-1.2664130369769495,0.05923497676849365,-0.22198298573493958,-1.5128726959228516,-0.9180289506912231,-0.7430581450462341,0.329448401927948,0.20745906233787537,-0.23109392821788788,-1.1251220703125,-0.6046620011329651,-0.41503822803497314,0.16424746811389923,0.1595255732536316,2.515997933701659,7.027554220906222,-3.8349386956846603,0.43520595686921076,-0.17849507577167079,0.0553728218164018,-0.03505382,-0.8818662,0.9848525,-1.861086,-1.2609236,0.07080576,-0.03505382,-0.8818662,0.9848525,-1.861086,-1.2609236,0.07080576,-0.03149968758225441,-0.9053510427474976,0.9804041981697083,-1.8410812616348267,-1.2664130926132202,0.05923497676849365,-0.08885331,0.5871207,0.111207336,-0.5001201,0.13723812,0.28926948,-0.45056868,0.0,0.0,0.0,0.0005882349796593189,0.0002941175,1.17647,False,3,0.4959095766462978,0.18654913865452957,0.12204713280435062,0.4951300162114585,0.18142172773419987,0.11902247548758414,0.998211849450029,0.00802906800324175,0.011257874984094578,0.05815424410829457,0.16931085,0.22150986,0.30614725,0.37786355444356723,8.167799387592822e-05,0.00013914599549025297,0.0005259409954305738,0.0003066710050916299,0.00019775900000240654,0.00010839299648068845,0.001676324987784028,0.018183291002060287,0.019859615989844315,50.35344089791936,0
43,0.8801299589977134,-0.031827751790181935,-0.9009247583201905,0.9808324019061487,-1.844797273675436,-1.2653396765338343,0.06066000461578369,-0.2625747323036194,-1.5393296480178833,-0.8781610727310181,-0.7371461391448975,0.31632453203201294,0.22297783195972443,-0.2403041422367096,-1.1459598541259766,-0.6092870831489563,-0.41316255927085876,0.1627918928861618,0.1619698703289032,2.7891355408493346,6.745108117897564,-2.9477535365725673,0.4260980559046041,-0.18684112160233832,0.05673453040072477,-0.036106195,-0.8802212,0.9857679,-1.8625097,-1.2604046,0.07373516,-0.036106195,-0.8802212,0.9857679,-1.8625097,-1.2604046,0.07373516,-0.03182775154709816,-0.9009247422218323,0.9808323979377747,-1.8447972536087036,-1.265339732170105,0.06066000461578369,-0.10696109,0.51758844,0.123387076,-0.4428106,0.123379864,0.32687894,-0.4157367,0.0,0.0,0.0,0.0005882349796593189,0.0002941175,1.17647,False,3,0.4964953147669544,0.18661266562798826,0.12028035700472203,0.49514217595122545,0.18141834694425557,0.11895207109455543,0.9982150845661711,0.008586467668780686,0.010870237703903149,0.0580924564399121,0.16931085,0.22150986,0.30614725,0.3779092675714188,4.348999937064946e-05,0.0001458629994885996,0.0005234259879216552,0.0003107349912170321,0.00020269000378903002,9.846800821833313e-05,0.0016580530063947663,0.01817407799535431,0.019832131001749076,50.423224811887636,0
44,0.9001319599919952,-0.03236562410463506,-0.8974694174579163,0.9809005896197718,-1.8483902416624964,-1.2641313711749476,0.06237232685089111,-0.27822938561439514,-0.8936728835105896,-0.4622873067855835,-0.6524625420570374,0.10304266214370728,0.15202577412128448,-0.24370871484279633,-1.1693156957626343,-0.6149238348007202,-0.41099074482917786,0.16180619597434998,0.16421297192573547,10.973935774692098,7.018774884321328,9.734462097410358,0.20392393194630998,-0.8400131182630096,0.139564596395247,-0.037076354,-0.8786403,0.987698,-1.8639926,-1.2583392,0.07635329,-0.037076354,-0.8786403,0.987698,-1.8639926,-1.2583392,0.07635329,-0.032365623861551285,-0.8974694013595581,0.9809005856513977,-1.8483902215957642,-1.2641314268112183,0.06237232685089111,-0.11776824,0.47072724,0.16993618,-0.39005932,0.14480717,0.34952408,-0.38717148,0.0,0.0,0.0,0.0005882349796593189,0.0002941175,1.17647,False,3,0.4971989262460453,0.18659943045194427,0.11910317341551599,0.4951652040992108,0.18141847347258847,0.11889590663366396,0.9982050083580175,0.008724872639446048,0.010622258974695306,0.05829072656518627,0.16931085,0.22150986,0.30614725,0.37795693150395626,3.8685990148223937e-05,0.00011389100109227002,0.0004716279945569113,0.0002976520045194775,0.00015370300388894975,0.0001120509987231344,0.0015083510079421103,0.018348714991589077,0.019857065999531187,50.35990714960656,0
45,0.9201323149900418,-0.03284293809999639,-0.8946966689876099,0.9810379187213343,-1.8517605266966761,-1.2631457487689417,0.06428759545087814,-0.35719582438468933,-0.17114689946174622,-0.08749425411224365,-0.3440801799297333,-0.08858910202980042,0.13321921229362488,-0.24290108680725098,-1.1779099702835083,-0.6094369292259216,-0.4079916179180145,0.16627949476242065,0.16455824673175812,15.252787357623438,6.402697258529817,22.79739365997314,-0.10946544273933553,-1.0914169069227508,0.19853000595654713,-0.038200103,-0.8775275,0.98933023,-1.8650054,-1.2578398,0.078804836,-0.038200103,-0.8775275,0.98933023,-1.8650054,-1.2578398,0.078804836,-0.03284293785691261,-0.8946966528892517,0.9810379147529602,-1.8517605066299438,-1.2631458044052124,0.06428759545087814,-0.13392913,0.4292299,0.20730832,-0.33112147,0.13264869,0.36293092,-0.3731466,0.0,0.0,0.0,0.0005882349796593189,0.0002941175,1.17647,False,3,0.49785024460792066,0.18656653545076893,0.11819232596893528,0.4951161345089321,0.18139478001555903,0.11816800550049537,0.9981963253513042,0.006994564177513451,0.013355583290787783,0.058110355549358034,0.16931085,0.22150986,0.30614725,0.37827833209908424,3.914900298696011e-05,0.00011322600767016411,0.0004685929889092222,0.0002546420000726357,0.0001528759894426912,0.00012025400064885616,0.001475457989727147,0.018379966000793502,0.01985542399052065,50.364071826288814,0
46,0.9401306450017728,-0.033294026051656544,-0.8921928566745301,0.9811700026141565,-1.8547340832152308,-1.2622979323016565,0.06629174202680588,-0.5514426231384277,0.6481559872627258,0.4536340832710266,-0.08954086899757385,-0.18101179599761963,0.15957190096378326,-0.24338391423225403,-1.187117338180542,-0.6065143346786499,-0.40568608045578003,0.16685599088668823,0.16335412859916687,22.807294011816943,8.35997583973928,41.82390205644851,-0.17963862831959265,-1.5610632083825517,0.26595319882347623,-0.038855944,-0.8768474,0.9901314,-1.866485,-1.2576803,0.081325114,-0.038855944,-0.8768474,0.9901314,-1.866485,-1.2576803,0.081325114,-0.03329402580857277,-0.8921928405761719,0.9811699986457825,-1.8547340631484985,-1.2622979879379272,0.06629174202680588,-0.13904798,0.38363665,0.22403492,-0.2937731,0.11544224,0.3758344,-0.35508505,0.0,0.0,0.0,0.0005882349796593189,0.0002941175,1.17647,False,3,0.49842367647841146,0.18651734447931032,0.11735431665685667,0.4951737100584373,0.18143133818258422,0.11775089377183909,0.9982447934532724,0.006262108974476952,0.01285777805204899,0.0574704235600966,0.16931085,0.22150986,0.30614725,0.37853147244481544,3.936499706469476e-05,0.00011382700176909566,0.00045831099851056933,0.00029923800320830196,0.00015403599536512047,0.0002945610031019896,0.001694535996648483,0.018159404004109092,0.019853940000757575,50.36783630663952,0
47,0.960134194989223,-0.03398591676820928,-0.8901276153377076,0.9814079443560999,-1.857351919213766,-1.2611458937274378,0.06859739124774933,-0.5978446006774902,1.5150622129440308,1.2033721208572388,0.15354382991790771,-0.5168617963790894,0.11310524493455887,-0.23316384851932526,-1.2006984949111938,-0.6128895282745361,-0.40745294094085693,0.16390849649906158,0.16223269701004028,29.15381800528339,7.072781501117772,61.762155747996914,-0.6955055920219018,-2.3162495065780653,0.3691478513579967,-0.039341636,-0.8764115,0.99029297,-1.8675808,-1.2563666,0.084169574,-0.039341636,-0.8764115,0.99029297,-1.8675808,-1.2563666,0.084169574,-0.033985916525125504,-0.8901275992393494,0.9814079403877258,-1.8573518991470337,-1.2611459493637085,0.06859739124774933,-0.13389298,0.34290278,0.22212514,-0.25572237,0.11948487,0.38930458,-0.33459088,0.0,0.0,0.0,0.0005882349796593189,0.0002941175,1.17647,False,3,0.49895640985458584,0.18641912683423084,0.11667180852413894,0.4953543371036258,0.1815456324220873,0.11743508256288929,0.9982163625494921,0.0065320745554677115,0.013741581981400987,0.0577291224437159,0.16931085,0.22150986,0.30614725,0.3788321187804832,4.1592997149564326e-05,0.0001130980090238154,0.00048188999062404037,0.0002994149981532246,0.00015955900016706437,0.0001187919988296926,0.0015305709966924042,0.01832813299552072,0.019858703992213123,50.35575334584342,0
48,0.9800920119887451,-0.03480512300600225,-0.8889039915851136,0.9823821226703089,-1.8597284756102503,-1.2601755301104944,0.07089736312627792,-0.6841263175010681,1.6290028095245361,1.658976435661316,0.478262722492218,-0.8136962652206421,0.08938886225223541,-0.2216586321592331,-1.2116163969039917,-0.6236422657966614,-0.4097921550273895,0.16539506614208221,0.1624286025762558,31.226947826148326,5.0833540007083755,77.76421649893585,-1.3101191696258436,-2.1417464121627066,0.47210447388621524,-0.0419622,-0.872645,0.9932305,-1.8684399,-1.2534587,0.08625698,-0.0419622,-0.872645,0.9932305,-1.8684399,-1.2534587,0.08625698,-0.03480512276291847,-0.8889039754867554,0.9823821187019348,-1.859728455543518,-1.2601755857467651,0.07089736312627792,-0.17892696,0.40647388,0.2712103,-0.21778709,0.1679211,0.38399044,-0.3216346,0.0,0.0,0.0,0.0005882349796593189,0.0002941175,1.17647,False,3,0.4993272122754874,0.18622199261341682,0.11611047230474561,0.49549904063349626,0.18151737429276044,0.1172281160944738,0.9982461565906688,0.006384232279081921,0.011997444379103541,0.057618300545167665,0.16931085,0.22150986,0.30614725,0.3790627532319843,4.2508007027208805e-05,0.00014146500325296074,0.0004815699940081686,0.0003015080001205206,0.00017800000205170363,0.0001011340063996613,0.0015613400028087199,0.018240364996017888,0.019801704998826608,50.500701836496255,0
