action_rate,approach_open,box_target,grasp,gripper_align,gripper_box,hold_target,lift,no_floor_collision,robot_target_qpos,success_bonus,step,reward_total,box_target_dist,success,out_of_bounds
-0.37130055427551273,0.28825700283050537,0.0,0.0,0.3679756820201874,0.038434624671936035,0.0,0.0,0.25,0.06371864676475525,0.0,0,0.6370854377746582,0.3543934226036072,0.0,0.0
-0.36515488624572756,0.31474587321281433,0.0,0.0,0.3644164279103279,0.0381627082824707,0.0,0.0,0.25,0.06393309831619262,0.0,1,0.6661032438278198,0.354377418756485,0.0,0.0
-0.0013081536628305912,0.3272172212600708,0.0,0.0,0.3561510145664215,0.037918806076049805,0.0,0.0,0.25,0.06436727643013,0.0,2,1.034346103668213,0.35424503684043884,0.0,0.0
-0.0005315888207405806,0.3341469168663025,0.0,0.0,0.3445453941822052,0.03757178783416748,0.0,0.0,0.25,0.0649933397769928,0.0,3,1.0307259559631348,0.3542058765888214,0.0,0.0
-0.00023930564057081938,0.3402988314628601,0.0,0.0,0.3303960710763931,0.03715503215789795,0.0,0.0,0.25,0.06578718423843384,0.0,4,1.0233978033065796,0.3541926145553589,0.0,0.0
-0.00011817060876637698,0.3481011986732483,0.0,0.0,0.3137913718819618,0.03667879104614258,0.0,0.0,0.25,0.06672762036323547,0.0,5,1.0151808261871338,0.35418814420700073,0.0,0.0
-6.477490533143283e-05,0.35865578055381775,0.0,0.0,0.2949416823685169,0.03614699840545654,0.0,0.0,0.25,0.06779565811157226,0.0,6,1.0074753761291504,0.35418662428855896,0.0,0.0
-3.9559206925332546e-05,0.37229201197624207,0.0,0.0,0.2740839682519436,0.03556323051452637,0.0,0.0,0.25,0.06897438168525695,0.0,7,1.0008740425109863,0.3541860580444336,0.0,0.0
-2.8028612723574044e-05,0.38889020681381226,0.0,0.0,0.25145312771201134,0.03492903709411621,0.0,0.0,0.25,0.07024827003479003,0.0,8,0.9954925775527954,0.3541858494281769,0.0,0.0
-2.340849750908092e-05,0.408087819814682,0.0,0.0,0.227280855178833,0.03424727916717529,0.0,0.0,0.25,0.07160291075706482,0.0,9,0.9911954998970032,0.3541858196258545,0.0,0.0
-2.2013974376022816e-05,0.42941465973854065,0.0,0.0,0.20181847736239433,0.03352069854736328,0.0,0.0,0.25,0.07302466034889221,0.0,10,0.9877565503120422,0.3541858196258545,0.0,0.0
-2.1826573356520387e-05,0.45238351821899414,0.0,0.0,0.17534544691443443,0.0327526330947876,0.0,0.0,0.25,0.07450028657913207,0.0,11,0.9849600791931152,0.3541857898235321,0.0,0.0
-2.1924858447164298e-05,0.47654280066490173,0.0,0.0,0.14816618524491787,0.031946659088134766,0.0,0.0,0.25,0.07601675391197205,0.0,12,0.9826505184173584,0.3541857898235321,0.0,0.0
-2.2066937526687982e-05,0.5015078783035278,0.0,0.0,0.126067902892828,0.031106233596801758,0.0,0.0,0.25,0.07756113409996032,0.0,13,0.9862210750579834,0.3541857898235321,0.0,0.0
-2.243161725345999e-05,0.5269677639007568,0.0,0.0,0.13926352374255657,0.030236124992370605,0.0,0.0,0.25,0.07912010550498962,0.0,14,1.0255651473999023,0.3541857898235321,0.0,0.0
-2.345159009564668e-05,0.5526841878890991,0.0,0.0,0.1509302295744419,0.029340267181396484,0.0,0.0,0.25,0.0806803286075592,0.0,15,1.0636115074157715,0.3541857898235321,0.0,0.0
-2.5579697103239598e-05,0.5784823298454285,0.0,0.0,0.16093498095870018,0.028423428535461426,0.0,0.0,0.25,0.08222830295562744,0.0,16,1.1000434160232544,0.3541857898235321,0.0,0.0
-2.916006196755916e-05,0.604234516620636,0.0,0.0,0.16918350011110306,0.027490973472595215,0.0,0.0,0.25,0.08375027775764465,0.0,17,1.1346300840377808,0.3541857898235321,0.0,0.0
-3.424755414016545e-05,0.6298410296440125,0.0,0.0,0.1756269484758377,0.02654862403869629,0.0,0.0,0.25,0.08523275256156922,0.0,18,1.16721510887146,0.3541857898235321,0.0,0.0
-4.056190373376012e-05,0.6552146673202515,0.0,0.0,0.18025564029812813,0.025601744651794434,0.0,0.0,0.25,0.08666244149208069,0.0,19,1.197693943977356,0.3541857898235321,0.0,0.0
-4.7505361726507546e-05,0.6802652478218079,0.0,0.0,0.18310340121388435,0.02465677261352539,0.0,0.0,0.25,0.0880269169807434,0.0,20,1.226004719734192,0.3541857898235321,0.0,0.0
-5.427610594779253e-05,0.7015177011489868,0.0,0.0,0.18424369394779205,0.023719072341918945,0.0,0.0,0.25,0.08931464552879333,0.0,21,1.2487409114837646,0.3541857898235321,0.0,0.0
-0.00012480068253353238,0.7172812223434448,0.0,0.0,0.18373532220721245,0.02279531955718994,0.0,0.0,0.25,0.09051125049591065,0.0,22,1.2641983032226562,0.3541857898235321,0.0,0.0
-0.00012355047510936856,0.7287251949310303,0.0,0.0,0.1817503198981285,0.02189040184020996,0.0,0.0,0.25,0.09160146117210388,0.0,23,1.2738438844680786,0.3541857898235321,0.0,0.0
-9.678367641754449e-05,0.737095296382904,0.0,0.0,0.178508423268795,0.021009087562561035,0.0,0.0,0.25,0.09257093667984008,0.0,24,1.279086947441101,0.3541857898235321,0.0,0.0
-7.87444063462317e-05,0.7432616949081421,0.0,0.0,0.17422398552298546,0.02015507221221924,0.0,0.0,0.25,0.09340664148330688,0.0,25,1.2809686660766602,0.3541857898235321,0.0,0.0
-6.708756554871798e-05,0.7478299140930176,0.0,0.0,0.16908030956983566,0.01932990550994873,0.0,0.0,0.25,0.09409738183021545,0.0,26,1.2802704572677612,0.3541857898235321,0.0,0.0
-5.924704018980265e-05,0.7512295246124268,0.0,0.0,0.16325969249010086,0.01853632926940918,0.0,0.0,0.25,0.09463350176811218,0.0,27,1.277599811553955,0.3541857898235321,0.0,0.0
-5.3354375995695595e-05,0.7537679076194763,0.0,0.0,0.1569179818034172,0.01777482032775879,0.0,0.0,0.25,0.09500754475593566,0.0,28,1.2734148502349854,0.3541857898235321,0.0,0.0
-4.8530584899708634e-05,0.7556678652763367,0.0,0.0,0.15020289458334446,0.017046809196472168,0.0,0.0,0.25,0.0952139139175415,0.0,29,1.2680829763412476,0.3541857898235321,0.0,0.0
-4.422326164785773e-05,0.7570927739143372,0.0,0.0,0.1432364620268345,0.016351699829101562,0.0,0.0,0.25,0.09524915814399719,0.0,30,1.2618858814239502,0.3541857898235321,0.0,0.0
-4.0275248466059566e-05,0.7581632137298584,0.0,0.0,0.1361380610615015,0.015689849853515625,0.0,0.0,0.25,0.09511179327964782,0.0,31,1.2550626993179321,0.3541857898235321,0.0,0.0
-3.6526587791740894e-05,0.7589682936668396,0.0,0.0,0.12899519875645638,0.015060782432556152,0.0,0.0,0.25,0.09480223059654236,0.0,32,1.247789978981018,0.3541857898235321,0.0,0.0
-3.3074009115807713e-05,0.759574294090271,0.0,0.0,0.12188715860247612,0.014463663101196289,0.0,0.0,0.25,0.09432279467582702,0.0,33,1.2402148246765137,0.3541857898235321,0.0,0.0
-2.9926843126304448e-05,0.7600308060646057,0.0,0.0,0.11488160118460655,0.013897538185119629,0.0,0.0,0.25,0.0936773657798767,0.0,34,1.2324573993682861,0.3541857898235321,0.0,0.0
-2.7081262669526043e-05,0.7603752613067627,0.0,0.0,0.10802930220961571,0.013360738754272461,0.0,0.0,0.25,0.09287141561508179,0.0,35,1.2246097326278687,0.3541857898235321,0.0,0.0
-2.459657262079418e-05,0.7606343626976013,0.0,0.0,0.10535590350627899,0.01285254955291748,0.0,0.0,0.25,0.09191159605979919,0.0,36,1.2207298278808594,0.3541857898235321,0.0,0.0
-2.247228694614023e-05,0.7608304619789124,0.0,0.0,0.10889003053307533,0.012371182441711426,0.0,0.0,0.25,0.09080577492713927,0.0,37,1.2228748798370361,0.3541857898235321,0.0,0.0
-2.0676775602623823e-05,0.7609785795211792,0.0,0.0,0.11177132837474346,0.011915326118469238,0.0,0.0,0.25,0.08956260681152343,0.0,38,1.2242072820663452,0.3541857898235321,0.0,0.0
-1.920361100928858e-05,0.7610903382301331,0.0,0.0,0.11402779258787632,0.011482954025268555,0.0,0.0,0.25,0.08819164037704467,0.0,39,1.2247735261917114,0.3541857898235321,0.0,0.0
-1.8032646039500833e-05,0.7611746788024902,0.0,0.0,0.11568847112357616,0.011072993278503418,0.0,0.0,0.25,0.08670278191566468,0.0,40,1.2246209383010864,0.3541857898235321,0.0,0.0
-1.7116569506470113e-05,0.7612383365631104,0.0,0.0,0.11677674017846584,0.010683298110961914,0.0,0.0,0.25,0.08510636687278747,0.0,41,1.223787546157837,0.3541857898235321,0.0,0.0
-1.6418902669101956e-05,0.7612866759300232,0.0,0.0,0.11732226237654686,0.010312438011169434,0.0,0.0,0.25,0.08341307044029235,0.0,42,1.2223180532455444,0.3541857898235321,0.0,0.0
-1.5910643560346217e-05,0.7613227963447571,0.0,0.0,0.11734900996088982,0.009959220886230469,0.0,0.0,0.25,0.08163351416587829,0.0,43,1.220248818397522,0.3541857898235321,0.0,0.0
-1.5562634507659824e-05,0.7613503932952881,0.0,0.0,0.11688717640936375,0.009621977806091309,0.0,0.0,0.25,0.07977835536003113,0.0,44,1.2176222801208496,0.3541857898235321,0.0,0.0
-1.5342076949309558e-05,0.7613711357116699,0.0,0.0,0.11596429161727428,0.009299278259277344,0.0,0.0,0.25,0.0778580904006958,0.0,45,1.2144774198532104,0.3541857898235321,0.0,0.0
-1.5231089491862804e-05,0.7613867521286011,0.0,0.0,0.11459723114967346,0.008990049362182617,0.0,0.0,0.25,0.0758830726146698,0.0,46,1.2108417749404907,0.3541857898235321,0.0,0.0
-1.5208101831376553e-05,0.7613983750343323,0.0,0.0,0.11281901970505714,0.008692622184753418,0.0,0.0,0.25,0.0738632082939148,0.0,47,1.2067580223083496,0.3541857898235321,0.0,0.0
-1.5270271978806706e-05,0.7614044547080994,0.0,0.0,0.11065024882555008,0.008406281471252441,0.0,0.0,0.25,0.07180822491645812,0.0,48,1.2022539377212524,0.3541857898235321,0.0,0.0
-1.539806107757613e-05,0.7614051103591919,0.0,0.0,0.10811356827616692,0.008130073547363281,0.0,0.0,0.25,0.06972725987434387,0.0,49,1.1973607540130615,0.3541857898235321,0.0,0.0
-1.5602927305735648e-05,0.7614014148712158,0.0,0.0,0.10523537173867226,0.007862687110900879,0.0,0.0,0.25,0.0676290214061737,0.0,50,1.1921128034591675,0.3541857898235321,0.0,0.0
-1.587704464327544e-05,0.7613940238952637,0.0,0.0,0.10204165242612362,0.007603049278259277,0.0,0.0,0.25,0.06552173495292664,0.0,51,1.1865445375442505,0.3541857898235321,0.0,0.0
-1.623430143808946e-05,0.7613848447799683,0.0,0.0,0.09855556301772594,0.007350921630859375,0.0,0.0,0.25,0.06341307163238526,0.0,52,1.1806881427764893,0.3541857898235321,0.0,0.0
-1.667670294409618e-05,0.7613746523857117,0.0,0.0,0.09480133652687073,0.007105708122253418,0.0,0.0,0.25,0.06131016612052917,0.0,53,1.1745752096176147,0.3541857898235321,0.0,0.0
-1.7210176156368107e-05,0.7613641619682312,0.0,0.0,0.09080467745661736,0.0068662166595458984,0.0,0.0,0.25,0.0592195987701416,0.0,54,1.1682374477386475,0.3541857898235321,0.0,0.0
-1.7842953093349936e-05,0.7613532543182373,0.0,0.0,0.08659248240292072,0.006631612777709961,0.0,0.0,0.25,0.057147216796875,0.0,55,1.1617066860198975,0.3541857898235321,0.0,0.0
-1.856926246546209e-05,0.7613420486450195,0.0,0.0,0.08219007402658463,0.00640261173248291,0.0,0.0,0.25,0.05509850978851318,0.0,56,1.1550147533416748,0.3541857898235321,0.0,0.0
-1.9411658286117017e-05,0.76133131980896,0.0,0.0,0.07762398570775986,0.006177425384521484,0.0,0.0,0.25,0.05307825207710266,0.0,57,1.1481915712356567,0.3541857898235321,0.0,0.0
-2.0355990272946656e-05,0.7613204717636108,0.0,0.0,0.07292164489626884,0.005956530570983887,0.0,0.0,0.25,0.05109082460403442,0.0,58,1.1412690877914429,0.3541857898235321,0.0,0.0
-2.1408204338513316e-05,0.7613097429275513,0.0,0.0,0.06810996681451797,0.0057392120361328125,0.0,0.0,0.25,0.04913985729217529,0.0,59,1.13427734375,0.3541857898235321,0.0,0.0
-2.2562278900295496e-05,0.7612991333007812,0.0,0.0,0.06321574561297894,0.0055255889892578125,0.0,0.0,0.25,0.04722858667373657,0.0,60,1.1272464990615845,0.3541857898235321,0.0,0.0
-2.3833468731027097e-05,0.7612885236740112,0.0,0.0,0.05826837848871946,0.005315065383911133,0.0,0.0,0.25,0.04535976648330688,0.0,61,1.1202079057693481,0.3541857898235321,0.0,0.0
-2.5169324362650514e-05,0.7612782716751099,0.0,0.0,0.05329298321157694,0.005107283592224121,0.0,0.0,0.25,0.043535631895065305,0.0,62,1.1131889820098877,0.3541857898235321,0.0,0.0
-2.664282801561058e-05,0.7612682580947876,0.0,0.0,0.048319404013454914,0.004902839660644531,0.0,0.0,0.25,0.04175789952278137,0.0,63,1.1062219142913818,0.3541857898235321,0.0,0.0
-2.8179466607980433e-05,0.7612580060958862,0.0,0.0,0.04337321501225233,0.00470125675201416,0.0,0.0,0.25,0.04002799987792969,0.0,64,1.099332332611084,0.3541857898235321,0.0,0.0
-2.9828966944478452e-05,0.7612481713294983,0.0,0.0,0.038482516538351774,0.004502415657043457,0.0,0.0,0.25,0.03834697008132935,0.0,65,1.092550277709961,0.3541857898235321,0.0,0.0
-3.160049964208156e-05,0.761238157749176,0.0,0.0,0.03367290832102299,0.004306316375732422,0.0,0.0,0.25,0.03671532869338989,0.0,66,1.085901141166687,0.3541857898235321,0.0,0.0
-3.3509891363792124e-05,0.7612287998199463,0.0,0.0,0.028972062282264233,0.004113316535949707,0.0,0.0,0.25,0.03513337969779968,0.0,67,1.0794140100479126,0.3541857898235321,0.0,0.0
-3.5529865999706094e-05,0.7612193822860718,0.0,0.0,0.02440565498545766,0.003923296928405762,0.0,0.0,0.25,0.03360117673873901,0.0,68,1.073114037513733,0.3541857898235321,0.0,0.0
-3.772983909584582e-05,0.7612096667289734,0.0,0.0,0.023022631648927927,0.003736257553100586,0.0,0.0,0.25,0.032118451595306394,0.0,69,1.0700492858886719,0.3541857898235321,0.0,0.0
-4.0182771044783294e-05,0.7612004280090332,0.0,0.0,0.023350755218416452,0.0035527944564819336,0.0,0.0,0.25,0.030684667825698852,0.0,70,1.0687485933303833,0.3541857898235321,0.0,0.0
-4.2920824489556254e-05,0.7611910700798035,0.0,0.0,0.023400122299790382,0.0033724308013916016,0.0,0.0,0.25,0.029299092292785642,0.0,71,1.067219853401184,0.3541857898235321,0.0,0.0
-4.5985687756910926e-05,0.7611818909645081,0.0,0.0,0.02317940117791295,0.0031952857971191406,0.0,0.0,0.25,0.02796083092689514,0.0,72,1.0654714107513428,0.3541857898235321,0.0,0.0
-4.948759451508522e-05,0.7611725926399231,0.0,0.0,0.022701004054397345,0.003022313117980957,0.0,0.0,0.25,0.026668864488601684,0.0,73,1.0635154247283936,0.3541857898235321,0.0,0.0
-5.3447321988642216e-05,0.7611634135246277,0.0,0.0,0.021978430449962616,0.0028531551361083984,0.0,0.0,0.25,0.02542206645011902,0.0,74,1.061363697052002,0.3541857898235321,0.0,0.0
-5.805353866890073e-05,0.7611539363861084,0.0,0.0,0.02102868864312768,0.0026880502700805664,0.0,0.0,0.25,0.024219095706939697,0.0,75,1.0590317249298096,0.3541857898235321,0.0,0.0
-6.326338043436409e-05,0.7611444592475891,0.0,0.0,0.019871036056429148,0.0025272369384765625,0.0,0.0,0.25,0.023058664798736573,0.0,76,1.0565381050109863,0.3541857898235321,0.0,0.0
-6.933343829587103e-05,0.7611353993415833,0.0,0.0,0.018528042128309608,0.0023709535598754883,0.0,0.0,0.25,0.021939361095428465,0.0,77,1.053904414176941,0.3541857898235321,0.0,0.0
-7.628925959579647e-05,0.7611263394355774,0.0,0.0,0.017024566186591983,0.0022188425064086914,0.0,0.0,0.25,0.020859789848327637,0.0,78,1.051153302192688,0.3541857898235321,0.0,0.0
-8.421520469710232e-05,0.7611164450645447,0.0,0.0,0.015389819163829088,0.0020722150802612305,0.0,0.0,0.25,0.01981844902038574,0.0,79,1.048312783241272,0.3541857898235321,0.0,0.0
-9.323760750703514e-05,0.7611074447631836,0.0,0.0,0.013655191287398338,0.0019304752349853516,0.0,0.0,0.25,0.01881401538848877,0.0,80,1.045413851737976,0.3541857898235321,0.0,0.0
-0.0001032988540828228,0.7610975503921509,0.0,0.0,0.012337364023551345,0.0017938613891601562,0.0,0.0,0.25,0.017845094203948975,0.0,81,1.0429705381393433,0.3541857898235321,0.0,0.0
-0.00011446906719356776,0.7610881328582764,0.0,0.0,0.012541362084448338,0.001662611961364746,0.0,0.0,0.25,0.016910308599472044,0.0,82,1.0420880317687988,0.3541857898235321,0.0,0.0
-0.00012693031458184124,0.7610781192779541,0.0,0.0,0.013438229216262698,0.0015369653701782227,0.0,0.0,0.25,0.016008424758911132,0.0,83,1.0419347286224365,0.3541857898235321,0.0,0.0
-0.00013994143810123206,0.7610683441162109,0.0,0.0,0.015758697409182787,0.001416921615600586,0.0,0.0,0.25,0.015138262510299682,0.0,84,1.043242335319519,0.3541857898235321,0.0,0.0
-0.00015372768975794316,0.7610586285591125,0.0,0.0,0.018122189212590456,0.001302480697631836,0.0,0.0,0.25,0.014298623800277709,0.0,85,1.0446281433105469,0.3541857898235321,0.0,0.0
-0.00016733729280531408,0.7610486149787903,0.0,0.0,0.020486051216721535,0.001194000244140625,0.0,0.0,0.25,0.013488578796386718,0.0,86,1.0460498332977295,0.3541857898235321,0.0,0.0
-0.00018012069631367922,0.7610380053520203,0.0,0.0,0.022805191110819578,0.0010918378829956055,0.0,0.0,0.25,0.012707197666168213,0.0,87,1.0474621057510376,0.3541857898235321,0.0,0.0
-0.0001909032464027405,0.7609684467315674,0.0,0.0,0.025032884441316128,0.0009948015213012695,0.0,0.0,0.25,0.011953657865524292,0.0,88,1.0487589836120605,0.3541857898235321,0.0,0.0
-0.00019732201471924784,0.7605587244033813,0.0,0.0,0.027121880557388067,0.0009043216705322266,0.0,0.0,0.25,0.011227297782897949,0.0,89,1.0496149063110352,0.3541857898235321,0.0,0.0
-0.000189264549408108,0.759391188621521,0.0,0.0,0.029024772811681032,0.0008196830749511719,0.0,0.0,0.25,0.010527688264846801,0.0,90,1.0495740175247192,0.3541857898235321,0.0,0.0
-0.0001784111955203116,0.7571011781692505,0.0,0.0,0.03069481812417507,0.000741124153137207,0.0,0.0,0.25,0.009854346513748169,0.0,91,1.048213005065918,0.3541857898235321,0.0,0.0
-0.00016316096298396587,0.7533400058746338,0.0,0.0,0.032088388688862324,0.000668644905090332,0.0,0.0,0.25,0.009207147359848022,0.0,92,1.0451409816741943,0.3541857898235321,0.0,0.0
-0.00014381048968061804,0.7477313876152039,0.0,0.0,0.03316719317808747,0.0006020069122314453,0.0,0.0,0.25,0.008586001396179198,0.0,93,1.0399428606033325,0.3541857898235321,0.0,0.0
-0.0001236182637512684,0.739848256111145,0.0,0.0,0.033900176640599966,0.0005413293838500977,0.0,0.0,0.25,0.007990819215774535,0.0,94,1.032157063484192,0.3541857898235321,0.0,0.0
-0.0001066951546818018,0.7291906476020813,0.0,0.0,0.03426306648179889,0.0004862546920776367,0.0,0.0,0.25,0.007421654462814331,0.0,95,1.0212548971176147,0.3541857898235321,0.0,0.0
-9.509235387668015e-05,0.7151814103126526,0.0,0.0,0.034245518036186695,0.0004367828369140625,0.0,0.0,0.25,0.00687875747680664,0.0,96,1.0066473484039307,0.3541857898235321,0.0,0.0
-8.709974354133011e-05,0.6971595287322998,0.0,0.0,0.03384548705071211,0.00039255619049072266,0.0,0.0,0.25,0.00636223554611206,0.0,97,0.987672746181488,0.3541857898235321,0.0,0.0
-7.850390393286944e-05,0.6743848919868469,0.0,0.0,0.03307201201096177,0.0003534555435180664,0.0,0.0,0.25,0.005872446298599243,0.0,98,0.9636042714118958,0.3541857898235321,0.0,0.0
-6.851115031167865e-05,0.646059513092041,0.0,0.0,0.03194558434188366,0.00031888484954833984,0.0,0.0,0.25,0.005409657955169678,0.0,99,0.9336651563644409,0.3541857898235321,0.0,0.0
-7.22498691175133e-05,0.6113805174827576,0.0,0.0,0.030498141422867775,0.0002887248992919922,0.0,0.0,0.25,0.004974299669265747,0.0,100,0.8970694541931152,0.3541857898235321,0.0,0.0
-0.00013057845644652845,0.5696467757225037,0.0,0.0,0.028766621835529804,0.00026226043701171875,0.0,0.0,0.25,0.004566836357116699,0.0,101,0.8531119227409363,0.3541857898235321,0.0,0.0
-0.00028113261796534065,0.5204042792320251,0.0,0.0,0.026802390348166227,0.0002396106719970703,0.0,0.0,0.25,0.004187875986099243,0.0,102,0.8013529777526855,0.3541857898235321,0.0,0.0
-0.000491199316456914,0.4635644257068634,0.0,0.0,0.024660429917275906,0.0002205371856689453,0.0,0.0,0.25,0.003837651014328003,0.0,103,0.741791844367981,0.3541857898235321,0.0,0.0
-0.0006727673579007388,0.39941126108169556,0.0,0.0,0.02239798428490758,0.00020384788513183594,0.0,0.0,0.25,0.0035161972045898438,0.0,104,0.6748565435409546,0.3541857898235321,0.0,0.0
-0.0007907971739768982,0.328490287065506,0.0,0.0,0.020074730273336172,0.00019025802612304688,0.0,0.0,0.25,0.003223085403442383,0.0,105,0.601187527179718,0.3541857898235321,0.0,0.0
-0.000874318927526474,0.2514578104019165,0.0,0.0,0.01774534583091736,0.00017905235290527344,0.0,0.0,0.25,0.0029573142528533936,0.0,106,0.5214652419090271,0.3541857898235321,0.0,0.0
-0.0009464058093726635,0.16902777552604675,0.0,0.0,0.015460393624380231,0.00016999244689941406,0.0,0.0,0.25,0.0027175962924957274,0.0,107,0.43642935156822205,0.3541857898235321,0.0,0.0
-0.0009967898018658162,0.08203675597906113,0.0,0.0,0.013264918234199286,0.00016248226165771484,0.0,0.0,0.25,0.002502179145812988,0.0,108,0.3469695448875427,0.3541857898235321,0.0,0.0
-0.001004060171544552,0.008467855863273144,0.0,0.0,0.01114065176807344,0.00015664100646972656,0.0,0.0,0.25,0.002309310436248779,0.0,109,0.2710703909397125,0.3541857898235321,0.0,0.0
-0.006927492469549179,0.02162691205739975,0.0,0.0,0.009261994855478406,0.00015163421630859375,0.0,0.0,0.25,0.002136486768722534,0.0,110,0.27624955773353577,0.3541857898235321,0.0,0.0
-0.0001461480394937098,0.005850678775459528,0.0,0.0,0.007422585040330887,0.0001481771469116211,0.0,0.0,0.25,0.001980811357498169,0.0,111,0.2652561068534851,0.3541857898235321,0.0,0.0
-0.0005450551398098469,0.00043484842171892524,0.0,0.0,0.005021949764341116,0.00014543533325195312,0.0,0.0,0.25,0.0018405675888061523,0.0,112,0.2568977475166321,0.3541857898235321,0.0,0.0
-0.00871371403336525,0.000552244542632252,0.0,0.0,0.003839457349386066,0.00014317035675048828,0.0,0.0,0.25,0.0017147541046142578,0.0,113,0.24753592908382416,0.3541857898235321,0.0,0.0
-0.0006290464662015438,0.0003546896914485842,0.0,0.0,0.002434396737953648,0.0001423358917236328,0.0,0.0,0.25,0.0016021370887756346,0.0,114,0.2539045214653015,0.3541857898235321,0.0,0.0
-0.005517618358135224,0.0008295497391372919,0.0,0.0,0.002836984640453011,0.0001417398452758789,0.0,0.0,0.25,0.0015009820461273193,0.0,115,0.24979163706302643,0.3541857898235321,0.0,0.0
-0.000359563110396266,0.0009100238676182926,0.0,0.0,0.0029957358492538333,0.0001418590545654297,0.0,0.0,0.25,0.0014097869396209716,0.0,116,0.2550978660583496,0.3541857898235321,0.0,0.0
-0.0003284930717200041,0.0008799130446277559,0.0,0.0,0.0029607064789161086,0.00014209747314453125,0.0,0.0,0.25,0.0013273358345031738,0.0,117,0.2549815773963928,0.3541857898235321,0.0,0.0
-0.0003118189284577966,0.0008639866136945784,0.0,0.0,0.0034683223930187523,0.00014293193817138672,0.0,0.0,0.25,0.001252537965774536,0.0,118,0.2554159462451935,0.3541857898235321,0.0,0.0
-0.0002872810233384371,0.000877088459674269,0.0,0.0,0.004543442337308079,0.0001443624496459961,0.0,0.0,0.25,0.0011845886707305907,0.0,119,0.2564621865749359,0.3541857898235321,0.0,0.0
-0.0002670945832505822,0.0008935597725212574,0.0,0.0,0.005703179049305618,0.0001462697982788086,0.0,0.0,0.25,0.0011226475238800048,0.0,120,0.2575985789299011,0.3541857898235321,0.0,0.0
-0.00023878961801528933,0.0008973591029644012,0.0,0.0,0.006906457711011171,0.00014853477478027344,0.0,0.0,0.25,0.0010660707950592041,0.0,121,0.2587796449661255,0.3541857898235321,0.0,0.0
-0.0002129202475771308,0.0008932531927712262,0.0,0.0,0.008167267660610378,0.00015103816986083984,0.0,0.0,0.25,0.0010140895843505859,0.0,122,0.26001274585723877,0.3541857898235321,0.0,0.0
-0.00020207234192639591,0.0008871164754964411,0.0,0.0,0.009459952707402408,0.00015437602996826172,0.0,0.0,0.25,0.0009661853313446045,0.0,123,0.2612655758857727,0.3541857898235321,0.0,0.0
-0.00019487437093630434,0.0008803933742456138,0.0,0.0,0.010790146188810468,0.0001577138900756836,0.0,0.0,0.25,0.0009217143058776855,0.0,124,0.2625550925731659,0.3541857898235321,0.0,0.0
-0.00020203485619276764,0.0008736420422792435,0.0,0.0,0.01214135903865099,0.00016200542449951172,0.0,0.0,0.25,0.0008802831172943115,0.0,125,0.2638552486896515,0.3541857898235321,0.0,0.0
-0.00022022882476449015,0.0008693021372891963,0.0,0.0,0.013521177461370826,0.00016641616821289062,0.0,0.0,0.25,0.0008413732051849365,0.0,126,0.26517802476882935,0.3541857898235321,0.0,0.0
-0.00023082136176526548,0.0008629739750176668,0.0,0.0,0.0149285770021379,0.00017130374908447266,0.0,0.0,0.25,0.0008045911788940429,0.0,127,0.2665366530418396,0.3541857898235321,0.0,0.0
-0.00024695296306163076,0.0008570484933443367,0.0,0.0,0.01634681480936706,0.00017726421356201172,0.0,0.0,0.25,0.0007695615291595459,0.0,128,0.26790374517440796,0.3541857898235321,0.0,0.0
-0.0002541176974773407,0.000851339427754283,0.0,0.0,0.017783096991479397,0.0001837015151977539,0.0,0.0,0.25,0.0007361233234405518,0.0,129,0.2693001329898834,0.3541857898235321,0.0,0.0
-0.00025445178616791966,0.0008469056338071823,0.0,0.0,0.019242909038439393,0.00019085407257080078,0.0,0.0,0.25,0.0007038652896881103,0.0,130,0.27073007822036743,0.3541857898235321,0.0,0.0
-0.00024694416206330063,0.0008437908254563808,0.0,0.0,0.020713957492262125,0.00019884109497070312,0.0,0.0,0.25,0.0006726801395416259,0.0,131,0.27218231558799744,0.3541857898235321,0.0,0.0
-0.00023142574355006218,0.0008397673373110592,0.0,0.0,0.02219016430899501,0.00020825862884521484,0.0,0.0,0.25,0.0006424427032470703,0.0,132,0.2736492156982422,0.3541857898235321,0.0,0.0
-0.00021190079860389233,0.0008369926363229752,0.0,0.0,0.023668943904340267,0.00021851062774658203,0.0,0.0,0.25,0.0006130456924438476,0.0,133,0.2751255929470062,0.3541857898235321,0.0,0.0
-0.00018382857087999584,0.0008363644010387361,0.0,0.0,0.025128922425210476,0.0002300739288330078,0.0,0.0,0.25,0.0005843818187713623,0.0,134,0.27659592032432556,0.3541857898235321,0.0,0.0
-0.0001495434087701142,0.0008340961067005992,0.0,0.0,0.026564744766801596,0.00024271011352539062,0.0,0.0,0.25,0.000556415319442749,0.0,135,0.27804842591285706,0.3541857898235321,0.0,0.0
-0.00012109167873859407,0.0008199932053685188,0.0,0.0,0.0279336073435843,0.0002573728561401367,0.0,0.0,0.25,0.0005291640758514404,0.0,136,0.27941906452178955,0.3541857898235321,0.0,0.0
-8.995837997645141e-05,0.0008033325430005789,0.0,0.0,0.02922350773587823,0.00027370452880859375,0.0,0.0,0.25,0.0005026102066040039,0.0,137,0.28071320056915283,0.3541857898235321,0.0,0.0
-6.367109599523247e-05,0.0007995205232873559,0.0,0.0,0.030439894180744886,0.00029158592224121094,0.0,0.0,0.25,0.0004767358303070068,0.0,138,0.2819440960884094,0.3541857898235321,0.0,0.0
-4.6580089838244026e-05,0.0007995034102350473,0.0,0.0,0.031547932885587215,0.0003123283386230469,0.0,0.0,0.25,0.00045161247253417964,0.0,139,0.2830648124217987,0.3541857898235321,0.0,0.0
-4.012819845229388e-05,0.0007949845166876912,0.0,0.0,0.032481683883816004,0.0003349781036376953,0.0,0.0,0.25,0.00042724013328552244,0.0,140,0.2839987874031067,0.3541857898235321,0.0,0.0
-4.122414102312178e-05,0.000785981712397188,0.0,0.0,0.03318552626296878,0.00035965442657470703,0.0,0.0,0.25,0.000403672456741333,0.0,141,0.2846936285495758,0.3541857898235321,0.0,0.0
-5.16879023052752e-05,0.0007836993900127709,0.0,0.0,0.03370613092556596,0.0003873109817504883,0.0,0.0,0.25,0.0003809809684753418,0.0,142,0.28520646691322327,0.3541857898235321,0.0,0.0
-6.581580964848399e-05,0.0007845008512958884,0.0,0.0,0.03394502680748701,0.0004178285598754883,0.0,0.0,0.25,0.0003591835498809814,0.0,143,0.28544074296951294,0.3541857898235321,0.0,0.0
-7.962312665767969e-05,0.0007850208203308284,0.0,0.0,0.03386323573067784,0.0004513263702392578,0.0,0.0,0.25,0.0003381729125976562,0.0,144,0.28535810112953186,0.3541857898235321,0.0,0.0
-9.302140097133815e-05,0.00078534398926422,0.0,0.0,0.033437462989240885,0.0004876852035522461,0.0,0.0,0.25,0.00031814575195312497,0.0,145,0.2849356234073639,0.3541857898235321,0.0,0.0
-0.00010558360954746605,0.0007910937420092523,0.0,0.0,0.03263579681515694,0.0005276203155517578,0.0,0.0,0.25,0.0002990841865539551,0.0,146,0.2841480076313019,0.3541857898235321,0.0,0.0
-0.0001160613028332591,0.0007942322408780456,0.0,0.0,0.03142257919535041,0.0005710124969482422,0.0,0.0,0.25,0.000280916690826416,0.0,147,0.2829526960849762,0.3541857898235321,0.0,0.0
-0.00012171631678938866,0.0007939371862448752,0.0,0.0,0.02980648074299097,0.0006176233291625977,0.0,0.0,0.25,0.0002637326717376709,0.0,148,0.28136005997657776,0.3541857898235321,0.0,0.0
-0.0001263615908101201,0.0007932276930660009,0.0,0.0,0.027837511152029037,0.000667572021484375,0.0,0.0,0.25,0.0002474069595336914,0.0,149,0.2794193625450134,0.3541857898235321,0.0,0.0
-0.0001295809051953256,0.0007927586557343602,0.0,0.0,0.02545405412092805,0.0007212162017822266,0.0,0.0,0.25,0.00023199319839477538,0.0,150,0.27707043290138245,0.3541857898235321,0.0,0.0
-0.000130989623721689,0.0008045259164646268,0.0,0.0,0.02266831463202834,0.0007778406143188477,0.0,0.0,0.25,0.00021752715110778809,0.0,151,0.2743372321128845,0.3541857898235321,0.0,0.0
-0.0001314624329097569,0.0008266185759566724,0.0,0.0,0.01974861603230238,0.0008376836776733398,0.0,0.0,0.25,0.00020388364791870117,0.0,152,0.2714853286743164,0.3541857898235321,0.0,0.0
-0.00013479060726240277,0.0008327037212438881,0.0,0.0,0.016574844485148787,0.0009005069732666016,0.0,0.0,0.25,0.00019102692604064942,0.0,153,0.268364280462265,0.3541857898235321,0.0,0.0
-0.0001390207908116281,0.0008423886611126363,0.0,0.0,0.013239493127912283,0.0009654760360717773,0.0,0.0,0.25,0.00017899274826049805,0.0,154,0.2650873363018036,0.3541857898235321,0.0,0.0
-0.00014418457867577673,0.0008540157577954233,0.0,0.0,0.010915282182395458,0.0010323524475097656,0.0,0.0,0.25,0.00016767382621765136,0.0,155,0.2628251314163208,0.3541857898235321,0.0,0.0
-0.0001508725341409445,0.000857766077388078,0.0,0.0,0.011784725356847048,0.001100301742553711,0.0,0.0,0.25,0.00015712380409240722,0.0,156,0.26374906301498413,0.3541857898235321,0.0,0.0
-0.00015917507698759437,0.0008603300666436553,0.0,0.0,0.01194661483168602,0.0011688470840454102,0.0,0.0,0.25,0.00014725327491760254,0.0,157,0.26396387815475464,0.3541857898235321,0.0,0.0
-0.00016571355517953635,0.0008619105210527778,0.0,0.0,0.011420444352552295,0.0012369155883789062,0.0,0.0,0.25,0.0001380622386932373,0.0,158,0.2634916305541992,0.3541857898235321,0.0,0.0
-0.00016740140272304417,0.0008659614250063896,0.0,0.0,0.01480510807596147,0.0013031959533691406,0.0,0.0,0.25,0.00012947916984558104,0.0,159,0.26693636178970337,0.3541857898235321,0.0,0.0
-0.0001635223045013845,0.0008691492257639766,0.0,0.0,0.01841590623371303,0.0013669729232788086,0.0,0.0,0.25,0.00012143254280090332,0.0,160,0.27060994505882263,0.3541857898235321,0.0,0.0
-0.0001581125194206834,0.0008717143209651113,0.0,0.0,0.022243019193410873,0.0014274120330810547,0.0,0.0,0.25,0.00011399388313293457,0.0,161,0.2744980454444885,0.3541857898235321,0.0,0.0
-0.00014985501766204835,0.0008734668954275548,0.0,0.0,0.02604410285130143,0.0014830827713012695,0.0,0.0,0.25,0.0001070559024810791,0.0,162,0.2783578634262085,0.3541857898235321,0.0,0.0
-0.00015513706021010878,0.0008750547422096133,0.0,0.0,0.02981891855597496,0.0015333890914916992,0.0,0.0,0.25,0.00010058283805847168,0.0,163,0.2821727991104126,0.3541857898235321,0.0,0.0
-0.0001803628751076758,0.0008750237175263464,0.0,0.0,0.033364740666002035,0.0015773773193359375,0.0,0.0,0.25,9.457468986511231e-05,0.0,164,0.28573134541511536,0.3541857898235321,0.0,0.0
-0.00022686785086989403,0.0008752201683819294,0.0,0.0,0.03657029941678047,0.0016154050827026367,0.0,0.0,0.25,8.892416954040527e-05,0.0,165,0.2889229953289032,0.3541857898235321,0.0,0.0
-0.00027914601378142834,0.0008653081604279578,0.0,0.0,0.03957646433264017,0.0016469955444335938,0.0,0.0,0.25,8.368492126464844e-05,0.0,166,0.2918933033943176,0.3541857898235321,0.0,0.0
-0.0003114952007308603,0.0008438642253167927,0.0,0.0,0.04211265593767166,0.0016726255416870117,0.0,0.0,0.25,7.880330085754394e-05,0.0,167,0.29439646005630493,0.3541857898235321,0.0,0.0
-0.0003119179280474782,0.0008221924072131515,0.0,0.0,0.04404851235449314,0.0016930103302001953,0.0,0.0,0.25,7.410049438476563e-05,0.0,168,0.2963258922100067,0.3541857898235321,0.0,0.0
-0.00028825984336435797,0.0008252726984210312,0.0,0.0,0.04574952647089958,0.0017081499099731445,0.0,0.0,0.25,6.979107856750487e-05,0.0,169,0.2980645000934601,0.3541857898235321,0.0,0.0
-0.0002539725508540869,0.0008506849408149719,0.0,0.0,0.04693904425948858,0.001719355583190918,0.0,0.0,0.25,6.564259529113769e-05,0.0,170,0.2993207573890686,0.3541857898235321,0.0,0.0
-0.0002292949240654707,0.000864097208250314,0.0,0.0,0.047707282938063145,0.0017267465591430664,0.0,0.0,0.25,6.181597709655761e-05,0.0,171,0.3001306354999542,0.3541857898235321,0.0,0.0
-0.000219349074177444,0.0008788876584731042,0.0,0.0,0.047780019231140614,0.0017306804656982422,0.0,0.0,0.25,5.8132410049438474e-05,0.0,172,0.30022838711738586,0.3541857898235321,0.0,0.0
-0.00023017253261059523,0.0008826598059386015,0.0,0.0,0.047392500564455986,0.0017323493957519531,0.0,0.0,0.25,5.469918251037597e-05,0.0,173,0.2998320460319519,0.3541857898235321,0.0,0.0
-0.00025567954871803523,0.0008836454944685102,0.0,0.0,0.046189920976758,0.00173187255859375,0.0,0.0,0.25,5.142688751220703e-05,0.0,174,0.2986012101173401,0.3541857898235321,0.0,0.0
-0.0002835032530128956,0.0008812106098048389,0.0,0.0,0.04448538180440664,0.0017293691635131836,0.0,0.0,0.25,4.831552505493164e-05,0.0,175,0.2968607544898987,0.3541857898235321,0.0,0.0
-0.00030579117592424156,0.0008604006143286824,0.0,0.0,0.04240930546075106,0.0017251968383789062,0.0,0.0,0.25,4.5400857925415035e-05,0.0,176,0.29473447799682617,0.3541857898235321,0.0,0.0
-0.0003121742513030768,0.0008114280644804239,0.0,0.0,0.03963069524616003,0.0017201900482177734,0.0,0.0,0.25,4.2611360549926756e-05,0.0,177,0.29189273715019226,0.3541857898235321,0.0,0.0
-0.0002945015439763665,0.0007324341568164527,0.0,0.0,0.036302360240370035,0.0017141103744506836,0.0,0.0,0.25,4.0018558502197264e-05,0.0,178,0.28849443793296814,0.3541857898235321,0.0,0.0
-0.0002619448583573103,0.0006257854402065277,0.0,0.0,0.03246202366426587,0.0017076730728149414,0.0,0.0,0.25,3.753304481506347e-05,0.0,179,0.2845710813999176,0.3541857898235321,0.0,0.0
-0.0002202992094680667,0.0004956646589562297,0.0,0.0,0.027848463505506516,0.0017012357711791992,0.0,0.0,0.25,3.5190582275390624e-05,0.0,180,0.279860258102417,0.3541857898235321,0.0,0.0
-0.00017500997055321934,0.0003414024831727147,0.0,0.0,0.0226463726721704,0.001694798469543457,0.0,0.0,0.25,3.2955408096313475e-05,0.0,181,0.2745405435562134,0.3541857898235321,0.0,0.0
-0.00014160131104290485,0.0001699425047263503,0.0,0.0,0.015398811083287,0.0016885995864868164,0.0,0.0,0.25,3.086328506469726e-05,0.0,182,0.26714664697647095,0.3541857898235321,0.0,0.0
-0.00013443209463730456,1.349542617390398e-05,0.0,0.0,0.0,0.001682281494140625,0.0,0.0,0.25,2.8896331787109372e-05,0.0,183,0.2515902519226074,0.3541857898235321,0.0,0.0
-0.016300703585147857,0.00013686943566426635,0.0,0.0,0.011523799039423466,0.0016739368438720703,0.0,0.0,0.25,2.707242965698242e-05,0.0,184,0.24706095457077026,0.3541857898235321,0.0,0.0
-0.00513506680727005,0.00017419891082681715,0.0,0.0,0.012925800401717424,0.0016596317291259766,0.0,0.0,0.25,2.5516748428344725e-05,0.0,185,0.2596500813961029,0.3541857898235321,0.0,0.0
-0.0002576609840616584,0.00018185333465225995,0.0,0.0,0.012178618926554918,0.0016390085220336914,0.0,0.0,0.25,2.401471138000488e-05,0.0,186,0.2637658417224884,0.3541857898235321,0.0,0.0
-0.00024618247989565133,0.00020293457782827318,0.0,0.0,0.011519842082634568,0.0016134977340698242,0.0,0.0,0.25,2.276301383972168e-05,0.0,187,0.2631128430366516,0.3541857898235321,0.0,0.0
-0.00016771180089563133,0.00026518243248574436,0.0,0.0,0.011684070341289043,0.0015850067138671875,0.0,0.0,0.25,2.1529197692871093e-05,0.0,188,0.263388067483902,0.3541857898235321,0.0,0.0
-0.00011024669511243701,0.00035610172199085355,0.0,0.0,0.011358397314324975,0.0015535354614257812,0.0,0.0,0.25,2.047419548034668e-05,0.0,189,0.2631782591342926,0.3541857898235321,0.0,0.0
-8.11389647424221e-05,0.0004647771711461246,0.0,0.0,0.010641820263117552,0.0015208721160888672,0.0,0.0,0.25,1.9490718841552734e-05,0.0,190,0.26256582140922546,0.3541857898235321,0.0,0.0
-6.767271552234889e-05,0.0005856946227140725,0.0,0.0,0.009576028096489608,0.00148773193359375,0.0,0.0,0.25,1.8596649169921875e-05,0.0,191,0.2616003751754761,0.3541857898235321,0.0,0.0
-5.613819230347872e-05,0.0007190451724454761,0.0,0.0,0.008504985016770661,0.0014549493789672852,0.0,0.0,0.25,1.7774105072021484e-05,0.0,192,0.26064059138298035,0.3541857898235321,0.0,0.0
-4.858782340306789e-05,0.0008612641831859946,0.0,0.0,0.008627544157207012,0.0014225244522094727,0.0,0.0,0.25,1.696944236755371e-05,0.0,193,0.2608797252178192,0.3541857898235321,0.0,0.0
-4.1520909871906045e-05,0.001010265783406794,0.0,0.0,0.010603814153000712,0.0013911724090576172,0.0,0.0,0.25,1.6307830810546873e-05,0.0,194,0.26298004388809204,0.3541857898235321,0.0,0.0
-3.5114740603603424e-05,0.0011657438008114696,0.0,0.0,0.012513117399066687,0.0013616085052490234,0.0,0.0,0.25,1.5592575073242185e-05,0.0,195,0.2650209367275238,0.3541857898235321,0.0,0.0
-3.043197502847761e-05,0.0013267170870676637,0.0,0.0,0.014354947488754988,0.001332998275756836,0.0,0.0,0.25,1.5020370483398438e-05,0.0,196,0.2669992446899414,0.3541857898235321,0.0,0.0
-2.5874684797599912e-05,0.0014920459361746907,0.0,0.0,0.016144298715516925,0.0013061761856079102,0.0,0.0,0.25,1.443028450012207e-05,0.0,197,0.2689310908317566,0.3541857898235321,0.0,0.0
-2.20222762436606e-05,0.0016603213734924793,0.0,0.0,0.01784798689186573,0.0012814998626708984,0.0,0.0,0.25,1.3840198516845702e-05,0.0,198,0.27078160643577576,0.3541857898235321,0.0,0.0
-1.908252015709877e-05,0.001832400681450963,0.0,0.0,0.0194749073125422,0.0012586116790771484,0.0,0.0,0.25,1.3321638107299805e-05,0.0,199,0.272560179233551,0.3541857898235321,0.0,0.0
-1.6263092402368783e-05,0.008264969103038311,0.0,0.0,0.021545947529375553,0.0012372732162475586,0.0,0.0,0.25,1.2856721878051757e-05,0.0,200,0.28104475140571594,0.3541857898235321,0.0,0.0
-1.8281863594893367e-05,0.025659462437033653,0.0,0.0,0.023126837331801653,0.001217961311340332,0.0,0.0,0.25,1.2373924255371093e-05,0.0,201,0.29999834299087524,0.3541857898235321,0.0,0.0
-1.7343131185043605e-05,0.05250879004597664,0.0,0.0,0.02457027556374669,0.0012001991271972656,0.0,0.0,0.25,1.1909008026123046e-05,0.0,202,0.32827383279800415,0.3541857898235321,0.0,0.0
-8.275822619907559e-06,0.08600284904241562,0.0,0.0,0.025940753985196352,0.0011841058731079102,0.0,0.0,0.25,1.1515617370605468e-05,0.0,203,0.36313092708587646,0.3541857898235321,0.0,0.0
-4.486784382606857e-06,0.12397490441799164,0.0,0.0,0.027249727863818407,0.001170039176940918,0.0,0.0,0.25,1.1157989501953124e-05,0.0,204,0.40240129828453064,0.3541857898235321,0.0,0.0
-3.570553235476837e-06,0.1647961437702179,0.0,0.0,0.028498379979282618,0.001156926155090332,0.0,0.0,0.25,1.0782480239868164e-05,0.0,205,0.44445866346359253,0.3541857898235321,0.0,0.0
-3.828404805972241e-06,0.2072349488735199,0.0,0.0,0.029689096845686436,0.0011451244354248047,0.0,0.0,0.25,1.0389089584350585e-05,0.0,206,0.48807576298713684,0.3541857898235321,0.0,0.0
-4.44227407569997e-06,0.2503550052642822,0.0,0.0,0.03081949194893241,0.0011343955993652344,0.0,0.0,0.25,1.0067224502563477e-05,0.0,207,0.5323145389556885,0.3541857898235321,0.0,0.0
-5.059902468929068e-06,0.293439656496048,0.0,0.0,0.03188686212524772,0.0011246204376220703,0.0,0.0,0.25,9.691715240478515e-06,0.0,208,0.5764557719230652,0.3541857898235321,0.0,0.0
-5.571782821789384e-06,0.33593666553497314,0.0,0.0,0.03288974752649665,0.0011152029037475586,0.0,0.0,0.25,9.387731552124023e-06,0.0,209,0.6199454665184021,0.3541857898235321,0.0,0.0
-5.9595680795609954e-06,0.3774242103099823,0.0,0.0,0.0338258221745491,0.0011072158813476562,0.0,0.0,0.25,9.101629257202148e-06,0.0,210,0.6623603701591492,0.3541857898235321,0.0,0.0
-6.239327922230587e-06,0.4175795614719391,0.0,0.0,0.034693407360464334,0.0010991096496582031,0.0,0.0,0.25,8.744001388549804e-06,0.0,211,0.7033746242523193,0.3541857898235321,0.0,0.0
-6.437090632971376e-06,0.4561585783958435,0.0,0.0,0.03549096640199423,0.0010914802551269531,0.0,0.0,0.25,8.493661880493164e-06,0.0,212,0.7427430152893066,0.3541857898235321,0.0,0.0
-6.58485441817902e-06,0.49298417568206787,0.0,0.0,0.03621514653787017,0.0010842084884643555,0.0,0.0,0.25,8.189678192138672e-06,0.0,213,0.780285120010376,0.3541857898235321,0.0,0.0
-6.699723599012941e-06,0.5279334783554077,0.0,0.0,0.036866613663733006,0.001077413558959961,0.0,0.0,0.25,7.93933868408203e-06,0.0,214,0.8158787488937378,0.3541857898235321,0.0,0.0
-6.78969590808265e-06,0.5609289407730103,0.0,0.0,0.03744418267160654,0.0010701417922973633,0.0,0.0,0.25,7.68899917602539e-06,0.0,215,0.8494441509246826,0.3541857898235321,0.0,0.0
-6.872699304949493e-06,0.5919290781021118,0.0,0.0,0.03794763470068574,0.0010631084442138672,0.0,0.0,0.25,7.510185241699219e-06,0.0,216,0.8809404969215393,0.3541857898235321,0.0,0.0
-6.948516238480807e-06,0.6209259033203125,0.0,0.0,0.038375656586140394,0.0010567903518676758,0.0,0.0,0.25,7.277727127075195e-06,0.0,217,0.9103586673736572,0.3541857898235321,0.0,0.0
-7.033044676063583e-06,0.6479378938674927,0.0,0.0,0.03872997360303998,0.0010498762130737305,0.0,0.0,0.25,7.045269012451171e-06,0.0,218,0.9377177357673645,0.3541857898235321,0.0,0.0
-7.115178595995531e-06,0.6730054020881653,0.0,0.0,0.03901167307049036,0.0010429620742797852,0.0,0.0,0.25,6.794929504394531e-06,0.0,219,0.9630597233772278,0.3541857898235321,0.0,0.0
-7.200679101515562e-06,0.695351243019104,0.0,0.0,0.0392201216891408,0.0010360479354858398,0.0,0.0,0.25,6.5803527832031245e-06,0.0,220,0.9856067299842834,0.3541857898235321,0.0,0.0
-8.35027894936502e-06,0.7128629684448242,0.0,0.0,0.039357803761959076,0.0010290145874023438,0.0,0.0,0.25,6.401538848876953e-06,0.0,221,1.003247857093811,0.3541857898235321,0.0,0.0
-1.49913874338381e-05,0.7255666851997375,0.0,0.0,0.03942635376006365,0.0010223388671875,0.0,0.0,0.25,6.204843521118164e-06,0.0,222,1.0160064697265625,0.3541857898235321,0.0,0.0
-9.412248618900777e-06,0.7348294854164124,0.0,0.0,0.03942723851650953,0.0010151863098144531,0.0,0.0,0.25,5.990266799926758e-06,0.0,223,1.0252684354782104,0.3541857898235321,0.0,0.0
-6.817471148679034e-06,0.7416350841522217,0.0,0.0,0.039364336989820004,0.0010082721710205078,0.0,0.0,0.25,5.793571472167969e-06,0.0,224,1.0320067405700684,0.3541857898235321,0.0,0.0
-5.957204848527908e-06,0.7466658353805542,0.0,0.0,0.03924021031707525,0.0010010004043579102,0.0,0.0,0.25,5.668401718139648e-06,0.0,225,1.0369068384170532,0.3541857898235321,0.0,0.0
-5.965060699963943e-06,0.7504028081893921,0.0,0.0,0.03906106576323509,0.0009942054748535156,0.0,0.0,0.25,5.525350570678711e-06,0.0,226,1.0404576063156128,0.3541857898235321,0.0,0.0
-6.399221456376836e-06,0.7531883120536804,0.0,0.0,0.038829720579087734,0.0009876489639282227,0.0,0.0,0.25,5.328655242919921e-06,0.0,227,1.0430046319961548,0.3541857898235321,0.0,0.0
-7.074511086102575e-06,0.7552697658538818,0.0,0.0,0.038551727775484324,0.0009804964065551758,0.0,0.0,0.25,5.221366882324218e-06,0.0,228,1.0448001623153687,0.3541857898235321,0.0,0.0
-7.876380550442263e-06,0.7568289041519165,0.0,0.0,0.038231119979172945,0.0009740591049194336,0.0,0.0,0.25,4.9889087677001955e-06,0.0,229,1.0460312366485596,0.3541857898235321,0.0,0.0
-8.757281466387213e-06,0.7579988241195679,0.0,0.0,0.037871168460696936,0.0009679794311523438,0.0,0.0,0.25,4.8995018005371095e-06,0.0,230,1.0468342304229736,0.3541857898235321,0.0,0.0
-9.678924834588543e-06,0.7588775753974915,0.0,0.0,0.03747442737221718,0.0009618997573852539,0.0,0.0,0.25,4.738569259643555e-06,0.0,231,1.0473090410232544,0.3541857898235321,0.0,0.0
-1.0623996058711783e-05,0.759538471698761,0.0,0.0,0.037045544013381004,0.0009561777114868164,0.0,0.0,0.25,4.57763671875e-06,0.0,232,1.0475341081619263,0.3541857898235321,0.0,0.0
-1.1557595280464739e-05,0.7600350379943848,0.0,0.0,0.03658507950603962,0.0009508132934570312,0.0,0.0,0.25,4.45246696472168e-06,0.0,233,1.0475637912750244,0.3541857898235321,0.0,0.0
-1.2464835890568793e-05,0.7604090571403503,0.0,0.0,0.03609711304306984,0.000946044921875,0.0,0.0,0.25,4.345178604125976e-06,0.0,234,1.0474439859390259,0.3541857898235321,0.0,0.0
-1.3315389514900745e-05,0.7606906890869141,0.0,0.0,0.03558226861059666,0.0009413957595825195,0.0,0.0,0.25,4.237890243530273e-06,0.0,235,1.0472052097320557,0.3541857898235321,0.0,0.0
-1.4091405319049954e-05,0.7609031200408936,0.0,0.0,0.03504253225401044,0.0009367465972900391,0.0,0.0,0.25,4.094839096069336e-06,0.0,236,1.0468723773956299,0.3541857898235321,0.0,0.0
-1.4777139585930855e-05,0.7610626816749573,0.0,0.0,0.03447944298386574,0.0009331703186035156,0.0,0.0,0.25,3.916025161743164e-06,0.0,237,1.046464443206787,0.3541857898235321,0.0,0.0
-1.536379859317094e-05,0.7611830830574036,0.0,0.0,0.03389243967831135,0.0009300708770751953,0.0,0.0,0.25,3.844499588012695e-06,0.0,238,1.0459940433502197,0.3541857898235321,0.0,0.0
-1.5844745212234558e-05,0.7612736225128174,0.0,0.0,0.03328389720991254,0.0009270906448364258,0.0,0.0,0.25,3.6835670471191405e-06,0.0,239,1.0454723834991455,0.3541857898235321,0.0,0.0
-1.621651172172278e-05,0.7613405585289001,0.0,0.0,0.03265435574576259,0.0009247064590454102,0.0,0.0,0.25,3.55839729309082e-06,0.0,240,1.0449069738388062,0.3541857898235321,0.0,0.0
-1.652694772928953e-05,0.7613809704780579,0.0,0.0,0.03200314473360777,0.0009225606918334961,0.0,0.0,0.25,3.468990325927734e-06,0.0,241,1.0442936420440674,0.3541857898235321,0.0,0.0
-1.669594057602808e-05,0.7613034844398499,0.0,0.0,0.031332268845289946,0.0009213685989379883,0.0,0.0,0.25,3.361701965332031e-06,0.0,242,1.043543815612793,0.3541857898235321,0.0,0.0
-1.715878606773913e-05,0.7609404921531677,0.0,0.0,0.030641837511211634,0.0009202957153320312,0.0,0.0,0.25,3.254413604736328e-06,0.0,243,1.042488694190979,0.3541857898235321,0.0,0.0
-1.8104392802342775e-05,0.7601152658462524,0.0,0.0,0.02993116620928049,0.0009199380874633789,0.0,0.0,0.25,3.0934810638427734e-06,0.0,244,1.0409513711929321,0.3541857898235321,0.0,0.0
-1.9115828035864982e-05,0.7587083578109741,0.0,0.0,0.029201952274888754,0.0009202957153320312,0.0,0.0,0.25,3.039836883544922e-06,0.0,245,1.0388145446777344,0.3541857898235321,0.0,0.0
-2.0275311544537545e-05,0.7566302418708801,0.0,0.0,0.02845339011400938,0.0009214878082275391,0.0,0.0,0.25,2.9146671295166015e-06,0.0,246,1.0359877347946167,0.3541857898235321,0.0,0.0
-2.1591132099274547e-05,0.75380939245224,0.0,0.0,0.027686282992362976,0.0009227991104125977,0.0,0.0,0.25,2.8073787689208985e-06,0.0,247,1.0323997735977173,0.3541857898235321,0.0,0.0
-2.3065306595526636e-05,0.7501848936080933,0.0,0.0,0.026900593657046556,0.0009253025054931641,0.0,0.0,0.25,2.7179718017578126e-06,0.0,248,1.0279905796051025,0.3541857898235321,0.0,0.0
-2.4696043692529204e-05,0.7457006573677063,0.0,0.0,0.02609645016491413,0.0009287595748901367,0.0,0.0,0.25,2.6464462280273437e-06,0.0,249,1.022703766822815,0.3541857898235321,0.0,0.0
-2.6512416661717e-05,0.7403011918067932,0.0,0.0,0.02527237869799137,0.0009325742721557617,0.0,0.0,0.25,2.5212764739990233e-06,0.0,250,1.0164822340011597,0.3541857898235321,0.0,0.0
-2.851746103260666e-05,0.7339295744895935,0.0,0.0,0.02442991826683283,0.0009374618530273438,0.0,0.0,0.25,2.4139881134033203e-06,0.0,251,1.0092707872390747,0.3541857898235321,0.0,0.0
-3.0724928365089e-05,0.7265245914459229,0.0,0.0,0.0235670804977417,0.0009435415267944336,0.0,0.0,0.25,2.306699752807617e-06,0.0,252,1.0010067224502563,0.3541857898235321,0.0,0.0
-3.31736751832068e-05,0.7180191874504089,0.0,0.0,0.022684638388454914,0.0009503364562988281,0.0,0.0,0.25,2.270936965942383e-06,0.0,253,0.9916232228279114,0.3541857898235321,0.0,0.0
-3.585835220292211e-05,0.7083383798599243,0.0,0.0,0.021780170500278473,0.000958561897277832,0.0,0.0,0.25,2.1457672119140625e-06,0.0,254,0.9810433983802795,0.3541857898235321,0.0,0.0
-3.883520548697561e-05,0.6974002718925476,0.0,0.0,0.020853434689342976,0.0009673833847045898,0.0,0.0,0.25,2.038478851318359e-06,0.0,255,0.9691842794418335,0.3541857898235321,0.0,0.0
-4.211583000142128e-05,0.6851130127906799,0.0,0.0,0.019903115462511778,0.0009777545928955078,0.0,0.0,0.25,1.949071884155273e-06,0.0,256,0.9559537172317505,0.3541857898235321,0.0,0.0
-4.572550242301077e-05,0.6713737845420837,0.0,0.0,0.018928716890513897,0.0009894371032714844,0.0,0.0,0.25,1.8954277038574217e-06,0.0,257,0.9412481188774109,0.3541857898235321,0.0,0.0
-4.967764834873378e-05,0.6560701727867126,0.0,0.0,0.01792735536582768,0.0010029077529907227,0.0,0.0,0.25,1.7881393432617188e-06,0.0,258,0.9249525666236877,0.3541857898235321,0.0,0.0
-5.401904927566648e-05,0.6390776038169861,0.0,0.0,0.016898062312975526,0.001017451286315918,0.0,0.0,0.25,1.6808509826660156e-06,0.0,259,0.906940758228302,0.3541857898235321,0.0,0.0
-5.872445763088763e-05,0.6202592849731445,0.0,0.0,0.015839255647733808,0.0010339021682739258,0.0,0.0,0.25,1.627206802368164e-06,0.0,260,0.8870753645896912,0.3541857898235321,0.0,0.0
-6.380024715326727e-05,0.5994664430618286,0.0,0.0,0.014748221728950739,0.0010519027709960938,0.0,0.0,0.25,1.5377998352050782e-06,0.0,261,0.8652043342590332,0.3541857898235321,0.0,0.0
-6.921330932527781e-05,0.5765376091003418,0.0,0.0,0.013723395531997085,0.001071929931640625,0.0,0.0,0.25,1.4662742614746092e-06,0.0,262,0.8412652015686035,0.3541857898235321,0.0,0.0
-7.491207215934992e-05,0.5512991547584534,0.0,0.0,0.01367308315820992,0.0010936260223388672,0.0,0.0,0.25,1.3947486877441405e-06,0.0,263,0.8159922957420349,0.3541857898235321,0.0,0.0
-8.083280990831554e-05,0.5235638618469238,0.0,0.0,0.013580630766227841,0.0011174678802490234,0.0,0.0,0.25,1.3232231140136718e-06,0.0,264,0.7881824374198914,0.3541857898235321,0.0,0.0
-8.686204091645777e-05,0.49313509464263916,0.0,0.0,0.013443931238725781,0.0011432170867919922,0.0,0.0,0.25,1.2516975402832031e-06,0.0,265,0.7576366662979126,0.3541857898235321,0.0,0.0
-9.289311710745097e-05,0.4598052203655243,0.0,0.0,0.013259899569675326,0.0011718273162841797,0.0,0.0,0.25,1.2159347534179687e-06,0.0,266,0.7241452932357788,0.3541857898235321,0.0,0.0
-9.879859862849116e-05,0.42335960268974304,0.0,0.0,0.01302441000007093,0.001202702522277832,0.0,0.0,0.25,1.1444091796875e-06,0.0,267,0.6874890327453613,0.3541857898235321,0.0,0.0
-0.00010447537060827018,0.38358113169670105,0.0,0.0,0.01273514237254858,0.0012362003326416016,0.0,0.0,0.25,1.1086463928222655e-06,0.0,268,0.6474491357803345,0.3541857898235321,0.0,0.0
-0.00010984743712469936,0.3402549624443054,0.0,0.0,0.012388218892738223,0.0012722015380859375,0.0,0.0,0.25,1.0013580322265625e-06,0.0,269,0.6038065552711487,0.3541857898235321,0.0,0.0
-0.00011495818616822362,0.2931755781173706,0.0,0.0,0.011979378759860992,0.0013108253479003906,0.0,0.0,0.25,9.477138519287109e-07,0.0,270,0.5563517212867737,0.3541857898235321,0.0,0.0
-0.00011998492991551758,0.24216067790985107,0.0,0.0,0.011505712755024433,0.0013526678085327148,0.0,0.0,0.25,8.940696716308594e-07,0.0,271,0.5048999786376953,0.3541857898235321,0.0,0.0
-0.00012541217729449274,0.18706375360488892,0.0,0.0,0.01096223364584148,0.0013973712921142578,0.0,0.0,0.25,8.225440979003906e-07,0.0,272,0.44929879903793335,0.3541857898235321,0.0,0.0
-0.0001320842537097633,0.12779103219509125,0.0,0.0,0.010345032205805182,0.0014452934265136719,0.0,0.0,0.25,7.510185241699219e-07,0.0,273,0.3894500136375427,0.3541857898235321,0.0,0.0
-0.00014161311555653812,0.0643259808421135,0.0,0.0,0.010701889405027032,0.0014960765838623047,0.0,0.0,0.25,7.688999176025391e-07,0.0,274,0.326383113861084,0.3541857898235321,0.0,0.0
-0.00015675628092139962,0.003178376005962491,0.0,0.0,0.010615853825584054,0.0015347003936767578,0.0,0.0,0.25,7.152557373046875e-07,0.0,275,0.26517289876937866,0.3541857898235321,0.0,0.0
-0.010741645842790604,0.014662380330264568,0.0,0.0,0.009688760037533939,0.0015690326690673828,0.0,0.0,0.25,6.616115570068359e-07,0.0,276,0.26517918705940247,0.3541857898235321,0.0,0.0
-0.00021926227491348983,0.004011098761111498,0.0,0.0,0.013820532476529479,0.001616835594177246,0.0,0.0,0.25,6.437301635742187e-07,0.0,277,0.26922985911369324,0.3541857898235321,0.0,0.0
-0.00029508741572499276,0.0008256944129243493,0.0,0.0,0.015180023619905114,0.0016627311706542969,0.0,0.0,0.25,6.258487701416016e-07,0.0,278,0.2673740088939667,0.3541857898235321,0.0,0.0
-0.014749377965927124,0.0009339523385278881,0.0,0.0,0.017744803335517645,0.0017075538635253906,0.0,0.0,0.25,6.258487701416016e-07,0.0,279,0.2556375563144684,0.3541857898235321,0.0,0.0
-2.340564678888768e-05,0.0002292627759743482,0.0,0.0,0.016563187818974257,0.0017484426498413086,0.0,0.0,0.25,5.364418029785156e-07,0.0,280,0.26851803064346313,0.3541857898235321,0.0,0.0
-5.662667681463063e-05,0.0002954455267172307,0.0,0.0,0.020566843450069427,0.0017875432968139648,0.0,0.0,0.25,5.364418029785156e-07,0.0,281,0.27259373664855957,0.3541857898235321,0.0,0.0
-0.012487707287073137,0.0006710613961331546,0.0,0.0,0.02640614751726389,0.0018242597579956055,0.0,0.0,0.25,5.185604095458984e-07,0.0,282,0.26641425490379333,0.3541857898235321,0.0,0.0
-1.2385805894155057e-05,0.0008163826423697174,0.0,0.0,0.030042175203561783,0.001856684684753418,0.0,0.0,0.25,5.006790161132813e-07,0.0,283,0.28270334005355835,0.3541857898235321,0.0,0.0
-7.479845953639597e-06,0.0008739483309909701,0.0,0.0,0.034003148321062326,0.001887202262878418,0.0,0.0,0.25,4.470348358154297e-07,0.0,284,0.2867572605609894,0.3541857898235321,0.0,0.0
-2.6409485144540668e-05,0.0008517223759554327,0.0,0.0,0.03743777284398675,0.0019137859344482422,0.0,0.0,0.25,4.2915344238281246e-07,0.0,285,0.29017728567123413,0.3541857898235321,0.0,0.0
-8.371988660655917e-05,0.0008742871577851474,0.0,0.0,0.04181522410362959,0.0019385814666748047,0.0,0.0,0.25,4.2915344238281246e-07,0.0,286,0.2945447862148285,0.3541857898235321,0.0,0.0
-1.0150295565836132e-05,0.0009231978328898549,0.0,0.0,0.04665891174226999,0.0019655227661132812,0.0,0.0,0.25,4.2915344238281246e-07,0.0,287,0.29953789710998535,0.3541857898235321,0.0,0.0
-0.00032101874239742756,0.0009822638239711523,0.0,0.0,0.051417103968560696,0.001993417739868164,0.0,0.0,0.25,3.5762786865234375e-07,0.0,288,0.3040721118450165,0.3541857898235321,0.0,0.0
-0.00012200877536088228,0.0009806844172999263,0.0,0.0,0.05593022797256708,0.002020597457885742,0.0,0.0,0.25,3.5762786865234375e-07,0.0,289,0.3088098466396332,0.3541857898235321,0.0,0.0
-9.00810700841248e-05,0.0008942357962951064,0.0,0.0,0.06062430329620838,0.002048015594482422,0.0,0.0,0.25,3.3974647521972657e-07,0.0,290,0.3134768009185791,0.3541857898235321,0.0,0.0
-0.0007220263127237559,0.000800486421212554,0.0,0.0,0.06511794403195381,0.002072930335998535,0.0,0.0,0.25,3.3974647521972657e-07,0.0,291,0.3172696530818939,0.3541857898235321,0.0,0.0
-8.705660002306104e-06,0.0008879931410774589,0.0,0.0,0.07014045026153326,0.002095341682434082,0.0,0.0,0.25,2.86102294921875e-07,0.0,292,0.32311537861824036,0.3541857898235321,0.0,0.0
-0.0001019728253595531,0.0008266534423455596,0.0,0.0,0.07469072937965393,0.0021162033081054688,0.0,0.0,0.25,2.682209014892578e-07,0.0,293,0.3275318741798401,0.3541857898235321,0.0,0.0
-0.0014287509955465795,0.0003736820654012263,0.0,0.0,0.0735675822943449,0.002133011817932129,0.0,0.0,0.25,3.0398368835449217e-07,0.0,294,0.3246458172798157,0.3541857898235321,0.0,0.0
-0.001507876254618168,0.0002983116137329489,0.0,0.0,0.07274469826370478,0.0021359920501708984,0.0,0.0,0.25,3.0398368835449217e-07,0.0,295,0.32367143034935,0.3541857898235321,0.0,0.0
-8.257119334302843e-05,0.0006854078383184969,0.0,0.0,0.07917768321931362,0.0021289587020874023,0.0,0.0,0.25,2.86102294921875e-07,0.0,296,0.33190977573394775,0.3541857898235321,0.0,0.0
-0.0005126162432134151,0.0007943981327116489,0.0,0.0,0.08043230511248112,0.0021169185638427734,0.0,0.0,0.25,2.86102294921875e-07,0.0,297,0.3328312933444977,0.3541857898235321,0.0,0.0
-1.9102553778793663e-05,0.0008246206562034786,0.0,0.0,0.08093581534922123,0.002100348472595215,0.0,0.0,0.25,3.0398368835449217e-07,0.0,298,0.3338419795036316,0.3541857898235321,0.0,0.0
-3.0392284315894358e-06,0.0009370109182782471,0.0,0.0,0.08137538097798824,0.0020750761032104492,0.0,0.0,0.25,2.86102294921875e-07,0.0,299,0.3343847393989563,0.3541857898235321,0.0,0.0
-7.235141820274294e-05,0.0012139976024627686,0.0,0.0,0.08151416666805744,0.002033233642578125,0.0,0.0,0.25,2.86102294921875e-07,0.0,300,0.33468931913375854,0.3541857898235321,0.0,0.0
-0.0007124179042875767,0.0008415408665314317,0.0,0.0,0.08279112167656422,0.0019909143447875977,0.0,0.0,0.25,2.5033950805664064e-07,0.0,301,0.33491137623786926,0.3541857898235321,0.0,0.0
-0.0005257491022348404,0.000615874829236418,0.0,0.0,0.08198793977499008,0.001947164535522461,0.0,0.0,0.25,2.1457672119140623e-07,0.0,302,0.33402544260025024,0.3541857898235321,0.0,0.0
-5.6021602358669045e-05,0.0006812213105149567,0.0,0.0,0.08198310621082783,0.001901388168334961,0.0,0.0,0.25,2.3245811462402343e-07,0.0,303,0.3345099091529846,0.3541857898235321,0.0,0.0
-0.00024287588894367218,0.0010780311422422528,0.0,0.0,0.08281480520963669,0.0018426179885864258,0.0,0.0,0.25,2.5033950805664064e-07,0.0,304,0.3354927897453308,0.3541857898235321,0.0,0.0
-0.00025689674075692894,0.0009230826981365681,0.0,0.0,0.08329461328685284,0.0017957687377929688,0.0,0.0,0.25,2.3245811462402343e-07,0.0,305,0.3357568085193634,0.3541857898235321,0.0,0.0
-0.0005163148045539856,0.0006459776195697486,0.0,0.0,0.08160106837749481,0.001757979393005371,0.0,0.0,0.25,2.3245811462402343e-07,0.0,306,0.33348894119262695,0.3541857898235321,0.0,0.0
-0.0001364502706564963,0.0007120765512809157,0.0,0.0,0.08139835670590401,0.0017223358154296875,0.0,0.0,0.25,2.1457672119140623e-07,0.0,307,0.33369651436805725,0.3541857898235321,0.0,0.0
-5.037561058998108e-05,0.0008421521633863449,0.0,0.0,0.08133244700729847,0.0016863346099853516,0.0,0.0,0.25,2.3245811462402343e-07,0.0,308,0.33381080627441406,0.3541857898235321,0.0,0.0
-1.8002549768425525e-05,0.0008835552725940943,0.0,0.0,0.08063897490501404,0.001648545265197754,0.0,0.0,0.25,2.1457672119140623e-07,0.0,309,0.33315327763557434,0.3541857898235321,0.0,0.0
-1.5683264064136892e-05,0.0009180852212011814,0.0,0.0,0.07991565391421318,0.0016077756881713867,0.0,0.0,0.25,1.9669532775878905e-07,0.0,310,0.3324260413646698,0.3541857898235321,0.0,0.0
-2.5792027008719744e-05,0.0009136679582297802,0.0,0.0,0.07896436378359795,0.0015635490417480469,0.0,0.0,0.25,2.1457672119140623e-07,0.0,311,0.3314160108566284,0.3541857898235321,0.0,0.0
-3.6496447864919905e-05,0.0009018643177114427,0.0,0.0,0.07794794160872698,0.0015189647674560547,0.0,0.0,0.25,2.1457672119140623e-07,0.0,312,0.3303324580192566,0.3541857898235321,0.0,0.0
-6.521728937514126e-05,0.0008636495331302285,0.0,0.0,0.07679705042392015,0.0014765262603759766,0.0,0.0,0.25,1.9669532775878905e-07,0.0,313,0.3290722370147705,0.3541857898235321,0.0,0.0
-7.323946338146926e-05,0.0008230861858464777,0.0,0.0,0.07558324839919806,0.0014363527297973633,0.0,0.0,0.25,1.7881393432617188e-07,0.0,314,0.32776960730552673,0.3541857898235321,0.0,0.0
-6.0366652905941014e-05,0.0007948408019728959,0.0,0.0,0.07436946965754032,0.0013988018035888672,0.0,0.0,0.25,1.7881393432617188e-07,0.0,315,0.3265029191970825,0.3541857898235321,0.0,0.0
-5.684538627974689e-05,0.000780533766373992,0.0,0.0,0.07320599164813757,0.0013632774353027344,0.0,0.0,0.25,2.3245811462402343e-07,0.0,316,0.3252932131290436,0.3541857898235321,0.0,0.0
-6.276170024648309e-05,0.0007837385055609047,0.0,0.0,0.07207933347672224,0.0013298988342285156,0.0,0.0,0.25,1.9669532775878905e-07,0.0,317,0.32413041591644287,0.3541857898235321,0.0,0.0
-8.291021804325284e-05,0.0008492625784128904,0.0,0.0,0.07122131530195475,0.0012996196746826172,0.0,0.0,0.25,1.9669532775878905e-07,0.0,318,0.3232874870300293,0.3541857898235321,0.0,0.0
-8.62291140947491e-05,0.0008955414523370564,0.0,0.0,0.07033036556094885,0.0012725591659545898,0.0,0.0,0.25,2.1457672119140623e-07,0.0,319,0.3224124610424042,0.3541857898235321,0.0,0.0
-7.385342614725233e-05,0.0009143920615315437,0.0,0.0,0.06939714774489403,0.0012485980987548828,0.0,0.0,0.25,1.9669532775878905e-07,0.0,320,0.3214865028858185,0.3541857898235321,0.0,0.0
-6.117402808740735e-05,0.0009180537308566272,0.0,0.0,0.06847169250249863,0.0012273788452148438,0.0,0.0,0.25,1.7881393432617188e-07,0.0,321,0.3205561339855194,0.3541857898235321,0.0,0.0
-5.472437478601933e-05,0.0009142694179899991,0.0,0.0,0.06759975105524063,0.0012083053588867188,0.0,0.0,0.25,1.7881393432617188e-07,0.0,322,0.319667786359787,0.3541857898235321,0.0,0.0
-5.076014203950763e-05,0.0009215398458763957,0.0,0.0,0.06684278137981892,0.0011917352676391602,0.0,0.0,0.25,1.7881393432617188e-07,0.0,323,0.31890547275543213,0.3541857898235321,0.0,0.0
-4.477502370718867e-05,0.0008937508100643754,0.0,0.0,0.06605335511267185,0.0011771917343139648,0.0,0.0,0.25,1.6093254089355467e-07,0.0,324,0.3180796802043915,0.3541857898235321,0.0,0.0
-3.640188078861684e-05,0.0008324996451847255,0.0,0.0,0.06515541579574347,0.0011637210845947266,0.0,0.0,0.25,1.430511474609375e-07,0.0,325,0.3171153962612152,0.3541857898235321,0.0,0.0
-3.5806611413136126e-05,0.0008118508267216384,0.0,0.0,0.06438846699893475,0.0011504888534545898,0.0,0.0,0.25,1.430511474609375e-07,0.0,326,0.3163151741027832,0.3541857898235321,0.0,0.0
-3.26284469338134e-05,0.0008129123016260564,0.0,0.0,0.06370824761688709,0.0011380910873413086,0.0,0.0,0.25,1.6093254089355467e-07,0.0,327,0.31562677025794983,0.3541857898235321,0.0,0.0
-3.31282994011417e-05,0.0008157526608556509,0.0,0.0,0.06302057299762964,0.0011252164840698242,0.0,0.0,0.25,1.430511474609375e-07,0.0,328,0.3149285614490509,0.3541857898235321,0.0,0.0
-3.3332905150018636e-05,0.0008177232230082154,0.0,0.0,0.062309661880135536,0.001112818717956543,0.0,0.0,0.25,1.0728836059570311e-07,0.0,329,0.3142070174217224,0.3541857898235321,0.0,0.0
-3.513729607220739e-05,0.0008155775722116232,0.0,0.0,0.06156889721751213,0.001100301742553711,0.0,0.0,0.25,1.6093254089355467e-07,0.0,330,0.31344980001449585,0.3541857898235321,0.0,0.0
-3.183337685186416e-05,0.0008134511299431324,0.0,0.0,0.06080287043005228,0.0010881423950195312,0.0,0.0,0.25,1.430511474609375e-07,0.0,331,0.31267279386520386,0.3541857898235321,0.0,0.0
-3.306140715721995e-05,0.0008117457036860287,0.0,0.0,0.06002623587846756,0.0010759830474853516,0.0,0.0,0.25,1.7881393432617188e-07,0.0,332,0.31188109517097473,0.3541857898235321,0.0,0.0
-3.4242123365402226e-05,0.0008093194337561727,0.0,0.0,0.0592275895178318,0.0010635852813720703,0.0,0.0,0.25,1.430511474609375e-07,0.0,333,0.3110663890838623,0.3541857898235321,0.0,0.0
-3.197744954377413e-05,0.0008076468948274851,0.0,0.0,0.05838837008923292,0.0010509490966796875,0.0,0.0,0.25,1.430511474609375e-07,0.0,334,0.31021514534950256,0.3541857898235321,0.0,0.0
-3.3276533940806985e-05,0.0008050372707657516,0.0,0.0,0.05755849648267031,0.0010385513305664062,0.0,0.0,0.25,1.0728836059570311e-07,0.0,335,0.30936890840530396,0.3541857898235321,0.0,0.0
-3.380059497430921e-05,0.0008035896462388337,0.0,0.0,0.05666402168571949,0.0010265111923217773,0.0,0.0,0.25,1.2516975402832032e-07,0.0,336,0.30846044421195984,0.3541857898235321,0.0,0.0
-3.2651715446263556e-05,0.0008016637293621898,0.0,0.0,0.055769188329577446,0.0010137557983398438,0.0,0.0,0.25,1.430511474609375e-07,0.0,337,0.3075520992279053,0.3541857898235321,0.0,0.0
-3.3812207402661445e-05,0.000800947891548276,0.0,0.0,0.05483876448124647,0.001001119613647461,0.0,0.0,0.25,1.430511474609375e-07,0.0,338,0.3066071569919586,0.3541857898235321,0.0,0.0
-3.4647915163077415e-05,0.0007993720355443656,0.0,0.0,0.053903693333268166,0.000988602638244629,0.0,0.0,0.25,1.2516975402832032e-07,0.0,339,0.30565711855888367,0.3541857898235321,0.0,0.0
-3.4087648964487015e-05,0.0007992027094587684,0.0,0.0,0.05289327818900347,0.0009756088256835938,0.0,0.0,0.25,1.430511474609375e-07,0.0,340,0.304634153842926,0.3541857898235321,0.0,0.0
-3.465497284196317e-05,0.000810654426459223,0.0,0.0,0.05192524287849665,0.0009624958038330078,0.0,0.0,0.25,1.2516975402832032e-07,0.0,341,0.30366384983062744,0.3541857898235321,0.0,0.0
-3.60236648702994e-05,0.0008271460537798703,0.0,0.0,0.05091954953968525,0.0009493827819824219,0.0,0.0,0.25,1.0728836059570311e-07,0.0,342,0.30266016721725464,0.3541858196258545,0.0,0.0
-3.607326070778072e-05,0.0008283266215585172,0.0,0.0,0.04981027450412512,0.0009363889694213867,0.0,0.0,0.25,1.0728836059570311e-07,0.0,343,0.3015390634536743,0.3541858196258545,0.0,0.0
-3.54483025148511e-05,0.0008035670616663992,0.0,0.0,0.048656072467565536,0.0009230375289916992,0.0,0.0,0.25,1.0728836059570311e-07,0.0,344,0.30034735798835754,0.3541858196258545,0.0,0.0
-3.7276555667631334e-05,0.000795415136963129,0.0,0.0,0.0474410317838192,0.0009093284606933594,0.0,0.0,0.25,1.2516975402832032e-07,0.0,345,0.299108624458313,0.3541858196258545,0.0,0.0
-3.7043710472062236e-05,0.0007948667625896633,0.0,0.0,0.0462460657581687,0.0008955001831054688,0.0,0.0,0.25,1.2516975402832032e-07,0.0,346,0.2978995144367218,0.3541858196258545,0.0,0.0
-3.716434875968844e-05,0.0007948027341626585,0.0,0.0,0.044996622018516064,0.0008817911148071289,0.0,0.0,0.25,1.6093254089355467e-07,0.0,347,0.2966361939907074,0.3541858196258545,0.0,0.0
-3.7936653825454414e-05,0.0007959050126373768,0.0,0.0,0.04369170870631933,0.0008677244186401367,0.0,0.0,0.25,1.0728836059570311e-07,0.0,348,0.29531753063201904,0.3541858196258545,0.0,0.0
-3.891971427947283e-05,0.0007957686902955174,0.0,0.0,0.0423595542088151,0.0008530616760253906,0.0,0.0,0.25,1.430511474609375e-07,0.0,349,0.29396960139274597,0.3541858196258545,0.0,0.0
-4.018234321847558e-05,0.0007968666614033282,0.0,0.0,0.04096538294106722,0.000838160514831543,0.0,0.0,0.25,1.2516975402832032e-07,0.0,350,0.292560338973999,0.3541858196258545,0.0,0.0
-4.056882753502578e-05,0.0007966408738866448,0.0,0.0,0.039522997103631496,0.0008236169815063477,0.0,0.0,0.25,1.0728836059570311e-07,0.0,351,0.2911028265953064,0.3541858196258545,0.0,0.0
-4.157092771492899e-05,0.0008175624534487724,0.0,0.0,0.03806446911767125,0.0008083581924438477,0.0,0.0,0.25,1.0728836059570311e-07,0.0,352,0.2896489202976227,0.3541858196258545,0.0,0.0
-4.4283911120146516e-05,0.0008346716640517116,0.0,0.0,0.03652827814221382,0.0007925033569335938,0.0,0.0,0.25,7.152557373046875e-08,0.0,353,0.28811120986938477,0.3541858196258545,0.0,0.0
-4.582529945764691e-05,0.0008628454525023699,0.0,0.0,0.034981067292392254,0.0007762908935546875,0.0,0.0,0.25,8.940696716308594e-08,0.0,354,0.28657445311546326,0.3541858196258545,0.0,0.0
-4.752739914692938e-05,0.0008764176163822412,0.0,0.0,0.033300332725048065,0.000759124755859375,0.0,0.0,0.25,8.940696716308594e-08,0.0,355,0.28488844633102417,0.3541858196258545,0.0,0.0
-5.4839823860675097e-05,0.0008851567981764674,0.0,0.0,0.031499466858804226,0.0007404088973999023,0.0,0.0,0.25,8.940696716308594e-08,0.0,356,0.28307029604911804,0.3541858196258545,0.0,0.0
-6.202052463777363e-05,0.0009002299630083144,0.0,0.0,0.02952034119516611,0.0007200241088867188,0.0,0.0,0.25,1.0728836059570311e-07,0.0,357,0.2810786962509155,0.3541858196258545,0.0,0.0
-7.498794002458453e-05,0.0009215879836119711,0.0,0.0,0.0273626996204257,0.0006976127624511719,0.0,0.0,0.25,8.940696716308594e-08,0.0,358,0.27890700101852417,0.3541858196258545,0.0,0.0
-9.77386604063213e-05,0.0009528203518129885,0.0,0.0,0.024974043481051922,0.0006725788116455078,0.0,0.0,0.25,1.0728836059570311e-07,0.0,359,0.2765018045902252,0.3541858196258545,0.0,0.0
-0.00012511066161096098,0.0010264335433021188,0.0,0.0,0.02238024491816759,0.0006445646286010742,0.0,0.0,0.25,8.940696716308594e-08,0.0,360,0.2739262282848358,0.3541858196258545,0.0,0.0
-0.00017592511139810087,0.0012482937891036272,0.0,0.0,0.019675062503665686,0.0006121397018432617,0.0,0.0,0.25,8.940696716308594e-08,0.0,361,0.2713596522808075,0.3541858196258545,0.0,0.0
-0.0003222775645554066,0.0016431562835350633,0.0,0.0,0.016512895235791802,0.0005736351013183594,0.0,0.0,0.25,8.940696716308594e-08,0.0,362,0.2684074938297272,0.3541858196258545,0.0,0.0
-0.0007636473514139653,0.001618133974261582,0.0,0.0,0.011906410800293088,0.0005298852920532227,0.0,0.0,0.25,1.0728836059570311e-07,0.0,363,0.2632908821105957,0.3541858196258545,0.0,0.0
-0.0011806963942945004,0.0015332561451941729,0.0,0.0,0.00948212982621044,0.0004850625991821289,0.0,0.0,0.25,0.0,0.0,364,0.2603197395801544,0.3541858196258545,0.0,0.0
-0.0016741111874580385,0.0013480575289577246,0.0,0.0,0.014321678318083286,0.0004533529281616211,0.0,0.0,0.25,0.0,0.0,365,0.26444897055625916,0.3541858196258545,0.0,0.0
-0.0020411767065525058,0.0013637506635859609,0.0,0.0,0.01958184177055955,0.00043702125549316406,0.0,0.0,0.25,0.0,0.0,366,0.2693414092063904,0.3541858196258545,0.0,0.0
-0.0007716134656220675,0.0014332052087411284,0.0,0.0,0.022916956804692745,0.0004342794418334961,0.0,0.0,0.25,0.0,0.0,367,0.27401283383369446,0.3541858196258545,0.0,0.0
-0.0007531243842095137,0.0008670159731991589,0.0,0.0,0.023632009979337454,0.0004315376281738281,0.0,0.0,0.25,0.0,0.0,368,0.2741774320602417,0.3541858196258545,0.0,0.0
-0.0010029689408838748,0.0005853697075508535,0.0,0.0,0.022243850398808718,0.0004292726516723633,0.0,0.0,0.25,0.0,0.0,369,0.272255539894104,0.3541858196258545,0.0,0.0
-0.00013077111216261983,0.0005123282317072153,0.0,0.0,0.02203508745878935,0.00043380260467529297,0.0,0.0,0.25,0.0,0.0,370,0.2728504538536072,0.3541858196258545,0.0,0.0
-0.00017547954339534045,0.0004511330625973642,0.0,0.0,0.021624865476042032,0.0004457235336303711,0.0,0.0,0.25,0.0,0.0,371,0.27234625816345215,0.3541858196258545,0.0,0.0
-0.00023769834078848364,0.00039740579086355865,0.0,0.0,0.020704511553049088,0.0004640817642211914,0.0,0.0,0.25,0.0,0.0,372,0.27132830023765564,0.3541858196258545,0.0,0.0
-0.00024767427239567045,0.00033045466989278793,0.0,0.0,0.01942235277965665,0.0004869699478149414,0.0,0.0,0.25,0.0,0.0,373,0.26999208331108093,0.3541858196258545,0.0,0.0
-0.00026028044521808624,0.0002767273981589824,0.0,0.0,0.017973800422623754,0.0005131959915161133,0.0,0.0,0.25,0.0,0.0,374,0.26850342750549316,0.3541858196258545,0.0,0.0
-0.0002660921309143305,0.00026500149397179484,0.0,0.0,0.01695467857643962,0.0005407333374023438,0.0,0.0,0.25,0.0,0.0,375,0.2674943208694458,0.3541858196258545,0.0,0.0
-0.0002725784201174975,0.00030779815278947353,0.0,0.0,0.016423582565039396,0.0005688667297363281,0.0,0.0,0.25,0.0,0.0,376,0.26702767610549927,0.3541858196258545,0.0,0.0
-0.00027114355470985173,0.0004359454906079918,0.0,0.0,0.01648087869398296,0.0005998611450195312,0.0,0.0,0.25,0.0,0.0,377,0.2672455310821533,0.3541858196258545,0.0,0.0
-0.0007071842905133963,0.00048685932415537536,0.0,0.0,0.016170662129297853,0.000637054443359375,0.0,0.0,0.25,0.0,0.0,378,0.26658740639686584,0.3541858196258545,0.0,0.0
-0.00033998126164078716,0.00040396139957010746,0.0,0.0,0.015611030394211411,0.0006705522537231445,0.0,0.0,0.25,0.0,0.0,379,0.2663455605506897,0.3541858196258545,0.0,0.0
-0.00026248469948768615,0.00040761561831459403,0.0,0.0,0.01596218324266374,0.0007011890411376953,0.0,0.0,0.25,0.0,0.0,380,0.26680848002433777,0.3541858196258545,0.0,0.0
-0.0016467681154608727,0.0005496300873346627,0.0,0.0,0.01783765386790037,0.0007544755935668945,0.0,0.0,0.25,0.0,0.0,381,0.2674950063228607,0.3541858196258545,0.0,0.0
-0.002302716113626957,0.0012604098301380873,0.0,0.0,0.020702064502984285,0.0008342266082763672,0.0,0.0,0.25,0.0,0.0,382,0.2704939842224121,0.3541858196258545,0.0,0.0
-0.0029315538704395294,0.002954914467409253,0.0,0.0,0.02419329946860671,0.001009821891784668,0.0,0.0,0.25,0.0,0.0,383,0.2752264738082886,0.3541858196258545,0.0,0.0
-0.0012960382737219334,0.001927003962919116,0.0,0.0,0.033331927843391895,0.0012725591659545898,0.0,0.0,0.25,0.0,0.0,384,0.2852354347705841,0.3541858196258545,0.0,0.0
-0.0013062196783721449,0.0010793872643262148,0.0,0.0,0.0404624966904521,0.0016170740127563477,0.0,0.0,0.25,0.0,0.0,385,0.291852742433548,0.3541858196258545,0.0,0.0
-0.0055716589093208315,0.0008512524655088782,0.0,0.0,0.05006465595215559,0.002064943313598633,0.0,0.0,0.25,0.0,0.0,386,0.29740917682647705,0.3541858196258545,0.0,0.0
-0.0006441463716328144,0.0005985195166431367,0.0,0.0,0.05912986118346453,0.0025626420974731445,0.0,0.0,0.25,0.0,0.0,387,0.31164687871932983,0.3541858196258545,0.0,0.0
-0.001618136465549469,2.4238817786681466e-05,0.0,0.0,0.0,0.002943873405456543,0.0,0.0,0.25,0.0,0.0,388,0.25134995579719543,0.3541858196258545,0.0,0.0
-0.005056151747703553,7.270789501490071e-05,0.0,0.0,0.03153259167447686,0.0030246973037719727,0.0,0.0,0.25,0.0,0.0,389,0.27957385778427124,0.3541858196258545,0.0,0.0
-0.004230723902583122,0.0007759598083794117,0.0,0.0,0.06721436511725187,0.002978682518005371,0.0,0.0,0.25,0.0,0.0,390,0.3167382776737213,0.3541858196258545,0.0,0.0
-0.007026775926351547,0.0009508570656180382,0.0,0.0,0.06504978518933058,0.0028821229934692383,0.0,0.0,0.25,0.0,0.0,391,0.3118560016155243,0.3541858196258545,0.0,0.0
-0.0017520839348435402,0.0008589848293922842,0.0,0.0,0.06267281249165535,0.0027779340744018555,0.0,0.0,0.25,0.0,0.0,392,0.31455764174461365,0.3541858196258545,0.0,0.0
-8.990812348201871e-05,0.0008720604237169027,0.0,0.0,0.06151621229946613,0.0026940107345581055,0.0,0.0,0.25,0.0,0.0,393,0.31499236822128296,0.3541858196258545,0.0,0.0
-3.632908337749541e-05,0.000832478457596153,0.0,0.0,0.060554700903594494,0.0026377439498901367,0.0,0.0,0.25,0.0,0.0,394,0.313988596200943,0.3541858196258545,0.0,0.0
-5.4336391622200614e-05,0.0007536041084676981,0.0,0.0,0.05965386051684618,0.0026047229766845703,0.0,0.0,0.25,0.0,0.0,395,0.31295785307884216,0.3541858196258545,0.0,0.0
-5.194214754737914e-05,0.000740793882869184,0.0,0.0,0.059810178354382515,0.002594470977783203,0.0,0.0,0.25,0.0,0.0,396,0.31309351325035095,0.3541858196258545,0.0,0.0
-8.920007967390121e-05,0.0008082175045274198,0.0,0.0,0.060768998228013515,0.002609729766845703,0.0,0.0,0.25,0.0,0.0,397,0.31409773230552673,0.3541858196258545,0.0,0.0
-0.00012371967313811185,0.0008441957179456949,0.0,0.0,0.0623222254216671,0.0026483535766601562,0.0,0.0,0.25,0.0,0.0,398,0.3156910836696625,0.3541858196258545,0.0,0.0
-0.00020645533222705126,0.0009091433021239936,0.0,0.0,0.06431746762245893,0.0026967525482177734,0.0,0.0,0.25,0.0,0.0,399,0.31771692633628845,0.3541858196258545,0.0,0.0
