step,t_rel,q0,q1,q2,q3,q4,q5,finger,tcp_x,tcp_y,tcp_z,box_x,box_y,box_z,box_qw,box_qx,box_qy,box_qz,target_x,target_y,target_z,box_to_target_dist,action0,action1,action2,action3,action4,action5,action6
0,0.0,-0.0030446370354181708,-2.199053974229485,1.6003669419158204,-1.5979651656461904,-1.5013491609708907,-0.0005640232494131656,0.01240380857930998,0.24025271915292218,0.1470146143448987,0.3270677682983404,0.37347172174642473,-0.018035338290419412,0.1142467332760482,0.9997017822792783,0.004436917157782855,0.014831556634453914,0.018886111340559713,0.19262329312705412,-0.1703484949017943,0.1412884596437168,0.23798467760753142,-0.8600699305534363,0.33564046025276184,-0.19029107689857483,0.4087390601634979,-0.43089455366134644,-0.16530974209308624,-0.04720683768391609
1,0.02,-0.009101730674021927,-2.196812441321967,1.6004625981441818,-1.5944091133857319,-1.5043032620094827,-0.0016930066440752156,0.012066397029888501,0.24092306143156342,0.14512478515669194,0.32581990675244016,0.37329068307679053,-0.017984558060647495,0.11445278300030187,0.9997641088928769,0.003065848003222016,0.010276890525857577,0.018886838453585984,0.19262329312705412,-0.1703484949017943,0.1412884596437168,0.23785631919689043,-0.8523411154747009,0.34471777081489563,-0.12246918678283691,0.3692700266838074,-0.4399694800376892,-0.15793873369693756,-0.12215787172317505
2,0.04,-0.01787269248205119,-2.1932463109965408,1.6003123325481605,-1.5900509058556196,-1.508771137174021,-0.0033986270137789077,0.011461769393634386,0.24207754814358626,0.1421941720586124,0.32416675386891936,0.37316619108488897,-0.017949729875918523,0.11459362586861127,0.999793662874617,0.0021320894712064226,0.007166399687340286,0.018887259879716886,0.19262329312705412,-0.1703484949017943,0.1412884596437168,0.2377682395415876,-0.85179603099823,0.399247407913208,-0.05706493556499481,0.28142550587654114,-0.4633179306983948,-0.17867878079414368,-0.14796866476535797
3,0.06,-0.02909321023369013,-2.1883155571352284,1.600094971107749,-1.5853595788332675,-1.5146452422911254,-0.005686760870256296,0.010621415102067839,0.24370636954129538,0.13829886357968146,0.32212930216746116,0.37308040093350897,-0.017925888062391048,0.11469056910200032,0.9998078488317255,0.0014945327490162679,0.005029329754913195,0.018887499266847803,0.19262329312705412,-0.1703484949017943,0.1412884596437168,0.23770752326095804,-0.8511754274368286,0.441069632768631,-0.019584303721785545,0.1810949444770813,-0.47203221917152405,-0.1939377784729004,-0.15869048237800598
4,0.08,-0.04252621040392545,-2.182010190030793,1.5998945015691692,-1.5807552744083526,-1.5217856528411053,-0.008538812085798793,0.00959691141432648,0.24578689238738757,0.1335111776950261,0.31975601302441387,0.3730206036023825,-0.017909318512860695,0.11475801218934688,0.9998147821775809,0.0010522605320766633,0.0035428448279733707,0.01888762392396448,0.19262329312705412,-0.1703484949017943,0.1412884596437168,0.23766521993551665,-0.8506881594657898,0.4751768410205841,-0.004163682460784912,0.07972107827663422,-0.4699333906173706,-0.20293182134628296,-0.15925556421279907
5,0.1,-0.057955701137170516,-2.1743338222935713,1.5997316463679865,-1.5766020746666374,-1.530032289069105,-0.011921998925709344,0.008438464516187114,0.24828886809818884,0.127899677138355,0.31711576530688995,0.3729786452607351,-0.017897706871141204,0.11480523304829403,0.9998182068616985,0.0007427528543456507,0.0025013637170857297,0.018887687142936233,0.19262329312705412,-0.1703484949017943,0.1412884596437168,0.23763555522130037,-0.8501043319702148,0.5074355006217957,-0.00037806679029017687,-0.015568695031106472,-0.45979559421539307,-0.20813724398612976,-0.15655052661895752
6,0.12,-0.07518377239280308,-2.165276945159665,1.599600474053353,-1.5732095210527668,-1.5392177070095558,-0.01580344566686848,0.0071819032526904535,0.2511800193955569,0.12152751671582185,0.31427476941112853,0.3729490904828489,-0.01788953258671666,0.1148384244405105,0.9998199091017742,0.0005250878088898405,0.0017685360088297785,0.018887718943749358,0.19262329312705412,-0.1703484949017943,0.1412884596437168,0.23761467283070775,-0.8491613268852234,0.5443666577339172,-0.0008638889994472265,-0.10493837296962738,-0.44424766302108765,-0.2129284292459488,-0.15567585825920105
7,0.14,-0.09402857543998822,-2.154795178524881,1.5994845796292108,-1.5708509763468894,-1.5491734774624828,-0.020162940034920824,0.005844095588788833,0.2544329251626013,0.11445115286365215,0.3112848372848891,0.37292822443909296,-0.017883763033626286,0.11486181220802032,0.9998207584669796,0.0003715676342074265,0.0012515375711113401,0.01888773490164407,0.19262329312705412,-0.1703484949017943,0.1412884596437168,0.23759993773939,-0.84764564037323,0.5913713574409485,-0.0033400473184883595,-0.1930314004421234,-0.42441150546073914,-0.22055882215499878,-0.15950442850589752
8,0.16,-0.11432252824719835,-2.1428002935400325,1.5993542451269311,-1.5697852456887782,-1.5597279514133957,-0.025003752120470256,0.0044763416209590515,0.2580308301402281,0.10672028071786734,0.3081833072614479,0.3729134716409729,-0.01787968436536712,0.1148783184781164,0.9998211833106885,0.0002630959955779143,0.0008862006773605836,0.018887742905676873,0.19262329312705412,-0.1703484949017943,0.1412884596437168,0.23758952462463612,-0.8453080654144287,0.6509326100349426,-0.009921441785991192,-0.2851422429084778,-0.3993557095527649,-0.2340816855430603,-0.16951757669448853
9,0.18,-0.13590624284901182,-2.1291718298332394,1.5991605052020985,-1.5702395005765115,-1.5706844939044315,-0.030352542624983967,0.0033791465524509764,0.2619662661166792,0.098382591280321,0.3049948200709327,0.3729030315196243,-0.017876798201106086,0.11488998045997004,0.9998213961512059,0.00018636719677958433,0.0006277593232858604,0.01888774692104087,0.19262329312705412,-0.1703484949017943,0.1412884596437168,0.2375821585744496,-0.8406146168708801,0.7204621434211731,-0.022636860609054565,-0.37484294176101685,-0.36255910992622375,-0.2536666691303253,-0.19106794893741608
10,0.2,-0.158602895935828,-2.113809067855534,1.5988791285923363,-1.572249913522668,-1.581743673537122,-0.03621274702203519,0.0025492474061746847,0.26621480102465644,0.08950750012454235,0.3017064260065405,0.3728956389373045,-0.017874754593178444,0.11489822580756777,0.9998215028938789,0.0001320520505443741,0.00044480715506289837,0.01888774893616723,0.19262329312705412,-0.1703484949017943,0.1412884596437168,0.23757694456650533,-0.8263078331947327,0.7867722511291504,-0.02787724882364273,-0.4126639664173126,-0.2907724380493164,-0.26646888256073,-0.24341562390327454
11,0.22,-0.18222363410298273,-2.0966575356485406,1.5984925967144017,-1.5757905198392326,-1.5925576186545434,-0.04260976121275334,0.0019235397330106432,0.27073768772883233,0.0801864481100058,0.29828213764524947,0.37289040221177655,-0.017873306974373185,0.11490405837899056,0.9998215564651047,9.358430649858881e-05,0.000315232581039979,0.018887749947845187,0.19262329312705412,-0.1703484949017943,0.1412884596437168,0.23757325224310014,-0.804456353187561,0.8419051170349121,-0.03558441624045372,-0.4437873661518097,-0.2016199827194214,-0.28668755292892456,-0.30102434754371643
12,0.24,-0.20655951849058163,-2.077721411662074,1.597961371684936,-1.580813674024503,-1.602776083981463,-0.04958555162787795,0.0014518671943899485,0.27549526412867165,0.07052147198926158,0.29469523137910103,0.37288669164179084,-0.017872281247966436,0.11490818561656582,0.9998215833641537,6.633115728697206e-05,0.00022343251537881064,0.0188877504559121,0.19262329312705412,-0.1703484949017943,0.1412884596437168,0.2375706367210353,-0.772412121295929,0.8824275732040405,-0.050816841423511505,-0.46993932127952576,-0.10441526025533676,-0.3114478290081024,-0.35791972279548645
13,0.26,-0.2313683165219869,-2.0570549664888027,1.597230662566727,-1.5872549264196698,-1.6120709715996537,-0.057180509087038145,0.0010963026422185513,0.28044983595471074,0.060623112716993124,0.29093121979482073,0.3728840619688037,-0.0178715543207888,0.11491110682228659,0.9998215968751856,4.701879409531353e-05,0.0001583801142256385,0.018887750711128876,0.19262329312705412,-0.1703484949017943,0.1412884596437168,0.2375687835853616,-0.7264193296432495,0.9103471636772156,-0.07019569724798203,-0.49020323157310486,-0.004748486913740635,-0.3362911641597748,-0.41092586517333984
14,0.28,-0.25636488476797004,-2.0347469692973577,1.5962491649094488,-1.595033808750937,-1.6201541379049749,-0.06541821435169412,0.0008282505709117735,0.28556749448230156,0.05061067383739304,0.2869798518122664,0.3728821980868989,-0.017871039084222325,0.11491317475830312,0.999821603663185,3.333134893002553e-05,0.00011227478668177245,0.01888775083935632,0.19262329312705412,-0.1703484949017943,0.1412884596437168,0.23756747042200177,-0.663218080997467,0.9287272691726685,-0.08884255588054657,-0.5041794776916504,0.09236655384302139,-0.3573437035083771,-0.45724040269851685
15,0.3,-0.2812211312787394,-2.010906447948122,1.5949852251660137,-1.6040537309997993,-1.626793219766925,-0.07429804059238437,0.0006261604021607684,0.29081911853374764,0.040611421394733796,0.2828271755321419,0.37288087687129906,-0.017870673858346592,0.11491463883163912,0.9998216070740629,2.3629447656223732e-05,7.959449112323542e-05,0.018887750903790253,0.19262329312705412,-0.1703484949017943,0.1412884596437168,0.2375665397982189,-0.5818288922309875,0.9403625726699829,-0.10266967862844467,-0.5115489363670349,0.18180352449417114,-0.3725123703479767,-0.4952264428138733
16,0.32,-0.3055793323448053,-1.9856519547303877,1.5934345934602274,-1.6142014792389963,-1.6318235968181587,-0.08379646820644326,0.00047379399456530524,0.29618053502006675,0.030757316747215612,0.27845106094836736,0.3728799402672491,-0.017870414951427174,0.11491567546297861,0.9998216087881794,1.6752043983790583e-05,5.642834218055975e-05,0.018887750936171493,0.19262329312705412,-0.1703484949017943,0.1412884596437168,0.23756588022908318,-0.4847961366176605,0.947411835193634,-0.10959795117378235,-0.5120053887367249,0.2590741217136383,-0.3817920684814453,-0.5248143672943115
17,0.34,-0.3290758795969255,-1.9591042559158254,1.5916186881226708,-1.6253465773510254,-1.635152742377695,-0.09387367708129468,0.00035891602111991563,0.30163195634279344,0.021179778551660103,0.27382082396660873,0.37287927628365436,-0.017870231405452484,0.11491640948836687,0.9998216096496682,1.1876585236442254e-05,4.0005628691356774e-05,0.01888775095244604,0.19262329312705412,-0.1703484949017943,0.1412884596437168,0.23756541274354037,-0.37766918540000916,0.9513791799545288,-0.10985348373651505,-0.5051952600479126,0.32150566577911377,-0.38646334409713745,-0.5470630526542664
18,0.36,-0.3513663225797106,-1.9313817467914502,1.5895763437754091,-1.6373403429967812,-1.636755398353177,-0.10448042600728226,0.0002723067647064853,0.3071567233945915,0.012004565112290297,0.2688998132204894,0.3728788055534959,-0.017870101280829838,0.11491692926370417,0.999821610082664,8.420194330253206e-06,2.8362965466327643e-05,0.01888775096062581,0.19262329312705412,-0.1703484949017943,0.1412884596437168,0.237565081390201,-0.26679161190986633,0.953224778175354,-0.10526508837938309,-0.4905579686164856,0.3688129186630249,-0.38789480924606323,-0.5633652210235596
19,0.38,-0.372143595434684,-1.9025979744893862,1.5873542384440273,-1.6500143562395035,-1.6366617588209962,-0.1155621141895717,0.00020701952291386408,0.3127393786539517,0.0033487547893015675,0.26364891485005626,0.37287847182283085,-0.017870009027182436,0.11491729733578529,0.9998216103003021,5.9697672629816325e-06,2.010883577760637e-05,0.018887750964737254,0.19262329312705412,-0.1703484949017943,0.1412884596437168,0.23756484652139062,-0.15724846720695496,0.953500509262085,-0.09798135608434677,-0.46721151471138,0.40262532234191895,-0.3868122696876526,-0.5748845934867859
20,0.4,-0.3911478931498528,-1.8728607694101937,1.5850005223163313,-1.6631789063172802,-1.6349430253488417,-0.127059986686396,0.00015782101262969568,0.3183632044320115,-0.004679938281578779,0.25802921329064477,0.3728782352162326,-0.01786994362168251,0.11491755798655898,0.9998216104096977,4.232491072043906e-06,1.4256915676182057e-05,0.01888775096680387,0.19262329312705412,-0.1703484949017943,0.1412884596437168,0.23756468003949208,-0.05241378769278526,0.9524722695350647,-0.08936279267072678,-0.43416720628738403,0.42540013790130615,-0.3833116292953491,-0.5824277400970459
21,0.42,-0.4081716025502024,-1.8422724293076327,1.582563278180654,-1.6766237047990333,-1.631698642522386,-0.13891151209125993,0.00012076843025433626,0.3240075316701312,-0.01198298673633303,0.2520032762680826,0.37287806746632624,-0.01786989725033704,0.11491774256946846,0.9998216104646861,3.000800209572436e-06,1.0108032117665946e-05,0.018887750967842624,0.19262329312705412,-0.1703484949017943,0.1412884596437168,0.2375645620307603,0.04529717564582825,0.9502174258232117,-0.07961992174386978,-0.3910734951496124,0.4393557012081146,-0.3773704767227173,-0.5866146683692932
22,0.44,-0.42306290380436773,-1.810930382037856,1.5800923099605129,-1.690124668969865,-1.6270478140013838,-0.15105232055363196,9.288987132135151e-05,0.3296454118422345,-0.018471903867736266,0.2455359255703466,0.37287794853369094,-0.017869864373619586,0.11491787328537496,0.9998216104923271,2.127550102758868e-06,7.166536692288473e-06,0.01888775096836482,0.19262329312705412,-0.1703484949017943,0.1412884596437168,0.23756447838091402,0.13361456990242004,0.9466949105262756,-0.06823615729808807,-0.339385986328125,0.44580912590026855,-0.3694518804550171,-0.5881475210189819
23,0.46,-0.4357291685570557,-1.7789279634885573,1.5776409729735863,-1.703460311901886,-1.6211260874162758,-0.16342108573173184,7.194370205563486e-05,0.33524253563339307,-0.02407134598446289,0.2385960950852304,0.3728778642114486,-0.017869841064302373,0.11491796585501345,0.9998216105062214,1.508424935295773e-06,5.081047276919577e-06,0.018887750968627433,0.19262329312705412,-0.1703484949017943,0.1412884596437168,0.23756441908579817,0.2102070301771164,0.9417758584022522,-0.054812073707580566,-0.2834441363811493,0.4449502229690552,-0.36086854338645935,-0.5879970788955688
24,0.48,-0.4461390276493052,-1.7463553704426487,1.5752650535717514,-1.7164374271044056,-1.614086310045486,-0.17596662658436063,5.62375556868826e-05,0.34075815584134245,-0.02872451216925604,0.231160912241771,0.37287780442745616,-0.017869824538128475,0.11491803141078724,0.9998216105132057,1.0694696227915944e-06,3.6024502043915346e-06,0.018887750968759366,0.19262329312705412,-0.1703484949017943,0.1412884596437168,0.23756437705431832,0.27303123474121094,0.9352166652679443,-0.039786167442798615,-0.23043705523014069,0.4359743893146515,-0.3536025285720825,-0.5873567461967468
25,0.5,-0.4543211581490644,-1.7133014111840337,1.5730180791259583,-1.7289189675973125,-1.6061023460574804,-0.18865425643783143,4.449144310598844e-05,0.34614787272172937,-0.03239960521901814,0.2232215042127959,0.3728777620408293,-0.01786981282113302,0.11491807783610918,0.9998216105167166,7.582524129464057e-07,2.5541319756807043e-06,0.018887750968825598,0.19262329312705412,-0.1703484949017943,0.1412884596437168,0.23756434726010872,0.32090243697166443,0.9265311360359192,-0.02450179122388363,-0.18844613432884216,0.4174365997314453,-0.34952253103256226,-0.5873030424118042
26,0.52,-0.46035857066970626,-1.6798572338331619,1.5709460749748252,-1.7408419163239144,-1.5973738360489753,-0.20146771147429715,3.5733377133069096e-05,0.35136675696185293,-0.0350951683639233,0.2147881510456079,0.37287773198881174,-0.017869804513811153,0.11491811071370349,0.9998216105184813,5.37600385556815e-07,1.810877633611209e-06,0.01888775096885891,0.19262329312705412,-0.1703484949017943,0.1412884596437168,0.23756432614029446,0.35389453172683716,0.9147217869758606,-0.010323673486709595,-0.16306380927562714,0.3876233696937561,-0.34939828515052795,-0.5883029103279114
27,0.54,-0.46437904485855697,-1.6461237014899666,1.5690872561543834,-1.7522144708553027,-1.5881311776224556,-0.21440494502704052,2.9219785998299384e-05,0.3563703322989811,-0.03684218003346268,0.20589185337267482,0.37287771068197395,-0.017869798623931735,0.11491813399707901,0.9998216105193684,3.8115852830136343e-07,1.2839117538745173e-06,0.018887750968875544,0.19262329312705412,-0.1703484949017943,0.1412884596437168,0.23756431116935425,0.37325426936149597,0.8978142142295837,0.00282160728238523,-0.15444359183311462,0.34467342495918274,-0.3524123728275299,-0.5898776650428772
28,0.56,-0.466544684066841,-1.6122247971843284,1.5674810152181564,-1.7630892400921518,-1.5786414089493828,-0.22746912933247818,2.4375122772621547e-05,0.3611111371540594,-0.03770220391559903,0.19658113590686532,0.37287769557544165,-0.01786979444801157,0.11491815048600701,0.9998216105198142,2.702414255752928e-07,9.10293531688166e-07,0.018887750968883916,0.19262329312705412,-0.1703484949017943,0.1412884596437168,0.23756430055707622,0.3806705176830292,0.8720785975456238,0.01751546747982502,-0.15632657706737518,0.28629475831985474,-0.35644838213920593,-0.5905929207801819
29,0.58,-0.4670456757019187,-1.5783311625848364,1.5661861308369511,-1.7735170244826848,-1.5692163863023512,-0.24065763051078765,2.0746502813660318e-05,0.365529912343828,-0.03776310583157595,0.18691639111808195,0.3728776848649141,-0.01786979148728524,0.11491816216322275,0.9998216105200384,1.9160125767410765e-07,6.453984066522681e-07,0.018887750968888162,0.19262329312705412,-0.1703484949017943,0.1412884596437168,0.23756429303446566,0.37690991163253784,0.8306581974029541,0.03870410844683647,-0.1571108102798462,0.20931817591190338,-0.3587241768836975,-0.5881924629211426
30,0.6,-0.46610433061002005,-1.5447010057295274,1.565303240879097,-1.783490027914855,-1.5602219374142055,-0.2539506803623805,1.835602127444687e-05,0.36954257068369334,-0.037135487012791006,0.17696768301705224,0.3728776772711492,-0.017869789388130015,0.11491817043286025,0.999821610520151,1.3584538659710834e-07,4.5758778983430467e-07,0.018887750968890265,0.19262329312705412,-0.1703484949017943,0.1412884596437168,0.23756428770199017,0.36009302735328674,0.7612383365631104,0.07227861136198044,-0.1420014202594757,0.11007937043905258,-0.35614868998527527,-0.5795129537582397
31,0.62,-0.4639940231545093,-1.5117479687502264,1.564992888739194,-1.7928843825522252,-1.5520783501780142,-0.2672987466937848,1.695168169910687e-05,0.37302703728072056,-0.035952625482674694,0.1668242660871108,0.37287767188716736,-0.017869787899828266,0.11491817628930223,0.9998216105202076,9.631446290940997e-08,3.2443002583106657e-07,0.018887750968891334,0.19262329312705412,-0.1703484949017943,0.1412884596437168,0.23756428392201107,0.3242601454257965,0.6429800987243652,0.12268612533807755,-0.09546451270580292,-0.012738311663269997,-0.34497079253196716,-0.5598852634429932
32,0.64,-0.46107658194126694,-1.480134104957463,1.5654787734093347,-1.8014158778996672,-1.5452341398533525,-0.28060502995008496,1.558852719891291e-05,0.3758178733549459,-0.03437559708389985,0.15662190890622354,0.3728776680699215,-0.017869786844621583,0.11491818043675411,0.9998216105202359,6.82870220955373e-08,2.3002111707735636e-07,0.018887750968891857,0.19262329312705412,-0.1703484949017943,0.1412884596437168,0.23756428124253337,0.2579546868801117,0.44682419300079346,0.19047197699546814,-0.004766105208545923,-0.15290239453315735,-0.31974199414253235,-0.5212504267692566
33,0.66,-0.45784709909676996,-1.450835600273271,1.5670140976728741,-1.8086440217427582,-1.5401016176466227,-0.2936912049783385,1.3288723954207094e-05,0.3777229752757403,-0.03260387861476586,0.14658301557327488,0.3728776653634918,-0.017869786096479393,0.11491818337392339,0.9998216105202503,4.84155510178117e-08,1.6308514831430183e-07,0.018887750968892152,0.19262329312705412,-0.1703484949017943,0.1412884596437168,0.23756427934315688,0.14664818346500397,0.15020360052585602,0.26726484298706055,0.13048554956912994,-0.2930561304092407,-0.2698478102684021,-0.448366641998291
34,0.68,-0.4549536350195138,-1.4250901850631366,1.5696605331290638,-1.8141543275774334,-1.536929510141469,-0.3062244063904729,6.381202317337314e-06,0.37858130531032086,-0.030889443561361453,0.13703687570656342,0.3728776634446312,-0.017869785566046046,0.11491818545398721,0.9998216105202575,3.4326664975723476e-08,1.1562750231812468e-07,0.01888775096889228,0.19262329312705412,-0.1703484949017943,0.1412884596437168,0.23756427799676308,-0.018416112288832664,-0.21865402162075043,0.32794252038002014,0.2813428044319153,-0.4078400731086731,-0.17427881062030792,-0.3122600018978119
35,0.7000000000000001,-0.4528959651004447,-1.4044852541749542,1.5722333986953498,-1.818503957069117,-1.534789956404054,-0.31760195383355566,-0.0003118717973253235,0.37890756672169296,-0.029546796833233746,0.12905552058520672,0.3726615095408304,-0.01771252936739197,0.1136271019879935,0.9995500474679203,-0.021742467720704792,0.004997208302277282,0.020049828265483724,0.19262329312705412,-0.1703484949017943,0.1412884596437168,0.23764816021049026,-0.21345482766628265,-0.5422808527946472,0.3457796275615692,0.4019605815410614,-0.47124117612838745,-0.012892533093690872,-0.07344917207956314
36,0.72,-0.45226942724784674,-1.3881834905360733,1.576523621615283,-1.8202869311928989,-1.5349315643575046,-0.32745873952926446,-0.00028988034317863325,0.3781637266572859,-0.028614253245114855,0.12199516569894583,0.37233092289596564,-0.019950807530252995,0.11366103445888097,0.999753380462747,-0.004683046343785178,0.010666724297052163,0.018906832707306215,0.19262329312705412,-0.1703484949017943,0.1412884596437168,0.23596095267270759,-0.34538349509239197,-0.6974610686302185,0.33102041482925415,0.4421785771846771,-0.5021641254425049,0.13611248135566711,0.17553739249706268
37,0.74,-0.4538928549955825,-1.3762563713875764,1.58142076694186,-1.8201875692199094,-1.5374878193693364,-0.33509231989907645,0.0001975197659057494,0.37638386543635566,-0.028724187047234187,0.11591557909500769,0.3720414283291774,-0.020651659329878162,0.11400069001199062,0.9997854602631625,6.102594122112961e-05,0.008803716811655569,0.018748981105927372,0.19262329312705412,-0.1703484949017943,0.1412884596437168,0.23525439887731503,-0.5520092844963074,-0.825893759727478,0.07268206775188446,0.2762584686279297,-0.4620864987373352,0.3558506369590759,0.43751487135887146
38,0.76,-0.4577542886257099,-1.3688190781016132,1.5849558381945301,-1.8195791972143252,-1.5409594236821078,-0.340134683250432,0.0010269605981911318,0.37455950631377805,-0.02998607793300213,0.11165776295431606,0.37124438516359975,-0.022134569387715183,0.11455093432617144,0.9997600606059399,0.007641826308371505,0.007749934702260118,0.01900952971513142,0.19262329312705412,-0.1703484949017943,0.1412884596437168,0.2336402309036855,-0.6405887603759766,-0.8812926411628723,-0.29111918807029724,0.06682057678699493,-0.3133915066719055,0.4907839596271515,0.6617621779441833
39,0.78,-0.46402520651961365,-1.3655251619138546,1.5864517719266302,-1.8189326389172835,-1.545242793774086,-0.34273150453684664,0.0033246859474981394,0.37316195848157,-0.03256794267361977,0.10947622165084184,0.3691464304947508,-0.02601069226331305,0.11517759925768938,0.9999195189325535,0.00023038216515732798,0.011134953512992068,-0.00607580381612406,0.19262329312705412,-0.1703484949017943,0.1412884596437168,0.22951164747510858,-0.7330436706542969,-0.8911411166191101,-0.481652170419693,-0.02732844464480877,-0.2839412987232208,0.5058209896087646,0.7234160304069519
40,0.8,-0.4728023459269207,-1.3658701817393848,1.5858797100220283,-1.8178968229599521,-1.5510451815777822,-0.3432923009055533,0.007298954084367911,0.3720997999165346,-0.036660168645713496,0.10919330339749855,0.3664276528775967,-0.03280360502635774,0.11539795590596075,0.9987775492601633,0.00920557125125772,0.00498892477121249,-0.048309162499751986,0.19262329312705412,-0.1703484949017943,0.1412884596437168,0.22315212385934569,-0.7952286005020142,-0.8640720844268799,-0.5157116651535034,0.11921839416027069,-0.4620513319969177,0.4497899115085602,0.4121569097042084
41,0.8200000000000001,-0.48364098899834823,-1.3690626334315736,1.5834848054889397,-1.8169102970263429,-1.5582262897672774,-0.34264324764588555,0.010650730559343891,0.3713223325234853,-0.04214127018376928,0.11053693154282071,0.36394827645678607,-0.04149406134840298,0.11661454378776197,0.9964945601134033,0.011419448125265474,-0.0037792047310868985,-0.08278831729483327,0.19262329312705412,-0.1703484949017943,0.1412884596437168,0.21578813007893882,-0.7308666706085205,-0.7266820073127747,-0.4643222689628601,0.012456086464226246,-0.45329517126083374,0.27163323760032654,-0.10653700679540634
42,0.84,-0.49634938077727425,-1.3749005015811926,1.5795497739587467,-1.8167971313900755,-1.567201399785141,-0.3417979511641405,0.01134569009195448,0.3708040949904058,-0.049006856188971916,0.1133676504521079,0.36317504059515415,-0.04821476041474834,0.11953565536708516,0.9964946296612457,-0.001284419564876446,-0.006416209231919686,-0.08340045312688978,0.19262329312705412,-0.1703484949017943,0.1412884596437168,0.21089744464566718,-0.7513719201087952,-0.7650030851364136,-0.45615240931510925,-0.2297901064157486,-0.6615731716156006,0.03648072108626366,0.12326036393642426
43,0.86,-0.5109582283295998,-1.383392981401296,1.5758618131910138,-1.8173824540726944,-1.57830450846887,-0.3410233108626256,0.011352420621368604,0.3701228931394706,-0.05714117257456275,0.11732687754381127,0.3621937381788074,-0.056041724784966086,0.12358526989425989,0.9958070241034329,-0.009721693668364438,-0.010064407222442085,-0.09040225177363771,0.19262329312705412,-0.1703484949017943,0.1412884596437168,0.2052646497984891,-0.8091240525245667,-0.7993122935295105,0.06350520253181458,-0.1076691672205925,-0.7985149621963501,-0.001978771761059761,0.3997846245765686
44,0.88,-0.5272793664489613,-1.39413799990939,1.5732880349174099,-1.8183447273757722,-1.5912975693190121,-0.3404346097176642,0.011386471602680385,0.36882150934747493,-0.06625807421128967,0.12192458891282004,0.3605794431413348,-0.06478089347003682,0.1281671107013978,0.9948741208373965,-0.0191355951662861,-0.013933459419212884,-0.09831160355859536,0.19262329312705412,-0.1703484949017943,0.1412884596437168,0.1988113593277307,-0.8006277680397034,-0.7717119455337524,0.24141743779182434,-0.07899941504001617,-0.7535756230354309,-0.032089997082948685,0.35568100214004517
45,0.9,-0.5450626811691992,-1.4065253865228573,1.5718894916329995,-1.8195880078121567,-1.60559840409619,-0.3401550198502331,0.011479877847837144,0.36680276932300704,-0.0760649906755605,0.12689122707378458,0.35833528256840036,-0.07418362848422164,0.13305305703748843,0.9936764343259104,-0.029159881514288905,-0.017723725440856923,-0.10697062555633884,0.19262329312705412,-0.1703484949017943,0.1412884596437168,0.19177060993229675,-0.7802438139915466,-0.6714025139808655,0.25855281949043274,-0.08478852361440659,-0.6404331922531128,-0.06926951557397842,0.3248608112335205
46,0.92,-0.5640687648534732,-1.4199786783009845,1.5715956541319984,-1.820992182621917,-1.6205106297676986,-0.340275870297915,0.011587859590869987,0.3640914135010503,-0.08628429380024426,0.13202728484340945,0.3554873613252641,-0.08399386451546868,0.13805826452308956,0.9922091951267066,-0.039428284645095284,-0.021254385996982702,-0.11625220235268321,0.19262329312705412,-0.1703484949017943,0.1412884596437168,0.18436990280343327,-0.7547441720962524,-0.5640281438827515,0.26677802205085754,-0.05919697508215904,-0.4890027940273285,-0.09956006705760956,0.28946200013160706
47,0.9400000000000001,-0.5840839793597216,-1.4340412472083142,1.572378535517874,-1.8223567598487451,-1.6353777129530467,-0.34085374808736113,0.011690760248144562,0.3607217498438496,-0.09664209600950649,0.13714131850529804,0.3520484197485544,-0.09395098636736024,0.14300370157968512,0.9904898338166093,-0.04958355876028904,-0.02435060429013481,-0.1260095547064403,0.19262329312705412,-0.1703484949017943,0.1412884596437168,0.17679336063169687,-0.7303952574729919,-0.4751429855823517,0.28605231642723083,-0.00930084753781557,-0.3362835943698883,-0.1232280433177948,0.2583014667034149
48,0.96,-0.6049305433405845,-1.4484071831988166,1.5742489722227284,-1.823443087762667,-1.6497124468084756,-0.3419214218830602,0.011786550814951582,0.35672052426128614,-0.1069014244780647,0.14206317439219096,0.348019517235251,-0.10383037556377782,0.14773511228219194,0.9885522067665234,-0.05932689490752475,-0.026850534552609055,-0.13610254528077953,0.19262329312705412,-0.1703484949017943,0.1412884596437168,0.16915734095094043,-0.7105016708374023,-0.4155806005001068,0.3126116394996643,0.05244801193475723,-0.21579815447330475,-0.14248555898666382,0.2292555421590805
49,0.98,-0.6264637090074371,-1.4628969005546206,1.5772317014122232,-1.8240263083982737,-1.663219103640566,-0.343501656071674,0.011877357077447602,0.3521095756308693,-0.11688020505794099,0.14665858387985742,0.34340386884573265,-0.11345566045578377,0.15213287017915955,0.9864392743261304,-0.06844176125246093,-0.028625054706332746,-0.1464031749200017,0.19262329312705412,-0.1703484949017943,0.1412884596437168,0.1615214470750511,-0.6947683691978455,-0.38063156604766846,0.3426857590675354,0.11474539339542389,-0.13298232853412628,-0.16038595139980316,0.20122815668582916
50,1.0,-0.6485601602128886,-1.477412517563313,1.581345763431906,-1.8239229554975942,-1.6757406729672641,-0.3456161448317984,0.011964619798832093,0.3469137904858556,-0.1264448987413848,0.15082957979201211,0.33821750184318317,-0.12269227481805495,0.15611002954925393,0.9841986506887862,-0.0767784924473088,-0.02958708889456482,-0.15678865791451732,0.19262329312705412,-0.1703484949017943,0.1412884596437168,0.1539105839726764,-0.680664598941803,-0.36116522550582886,0.37241554260253906,0.17155413329601288,-0.07637857645750046,-0.1788242608308792,0.17350102961063385
51,1.02,-0.6711061584285044,-1.4919018642009516,1.5865929422554073,-1.8229974076333988,-1.687197222302452,-0.34828788740929073,0.01204805490217286,0.34116825164601167,-0.13549568263864314,0.15450922999861638,0.33249300417989636,-0.1314378569351927,0.15960760837159055,0.9818811406212526,-0.08424140089064706,-0.029690015752841713,-0.1671266436953872,0.19262329312705412,-0.1703484949017943,0.1412884596437168,0.14633237860120868,-0.6656229496002197,-0.3501187562942505,0.3987400233745575,0.22086353600025177,-0.03349928930401802,-0.1981915533542633,0.14636151492595673
52,1.04,-0.6939888503562428,-1.5063375674760138,1.5929534823183613,-1.8211594637342623,-1.6975456912055087,-0.35153970146614344,0.012125663956439044,0.3349217038250203,-0.14395455041995645,0.1576564320792272,0.3262792877042825,-0.13961299716622871,0.16259043331929032,0.979538115881305,-0.09077030869918097,-0.02892485758105675,-0.17728277752865396,0.19262329312705412,-0.1703484949017943,0.1412884596437168,0.13878893972487824,-0.6477178931236267,-0.34361523389816284,0.4199870824813843,0.26223859190940857,0.0032236608676612377,-0.21803002059459686,0.12064053118228912
53,1.06,-0.7170903391735531,-1.5207053734064093,1.6003855175985404,-1.818361460103967,-1.7067604917374546,-0.35539147508557234,0.012190688268663857,0.3282370857857983,-0.15175871996979384,0.16025207824174253,0.3196403244374081,-0.14715507208618,0.16504390254730464,0.9772155311919348,-0.0963255029874743,-0.027320591781313745,-0.18714910722788117,0.19262329312705412,-0.1703484949017943,0.1412884596437168,0.13128435615999692,-0.6255327463150024,-0.33947625756263733,0.4353456497192383,0.29516905546188354,0.03714197501540184,-0.23759420216083527,0.0972730815410614
54,1.08,-0.7402840956894997,-1.5349968602214261,1.6088261142565936,-1.814594885899629,-1.7148289232799208,-0.3598557859525511,0.012231899908106308,0.3211900236332758,-0.15885816239190456,0.1622960511445931,0.31265292539178025,-0.15401498757185758,0.1669711074016446,0.9749540154197152,-0.10088296833431176,-0.02493871330858168,-0.1966350810398392,0.19262329312705412,-0.1703484949017943,0.1412884596437168,0.1238284881566446,-0.5981059670448303,-0.3362312316894531,0.44447892904281616,0.31944024562835693,0.06847130507230759,-0.2556222975254059,0.0780869647860527
55,1.1,-0.7634331487973297,-1.5492033186204177,1.6181912848505327,-1.8098898679936206,-1.7217520845780625,-0.36493337770602646,0.012254272298871396,0.3138667815360983,-0.16521576716100295,0.1638049070287183,0.3054049367567798,-0.16015701742280677,0.1683906677323165,0.9727876113234776,-0.10443704392252488,-0.02186858987625688,-0.2056670413292115,0.19262329312705412,-0.1703484949017943,0.1412884596437168,0.1164392332347861,-0.5648224949836731,-0.3324876129627228,0.44672974944114685,0.33399146795272827,0.09647715836763382,-0.2707546651363373,0.064707912504673
56,1.12,-0.7863892908510317,-1.5633081463728147,1.6283739678257978,-1.804327170362757,-1.7275326336684675,-0.3706159986397776,0.012265725039568982,0.3063655568826847,-0.17080852261688992,0.16481048483277744,0.2979981481507115,-0.1655601845401269,0.16933541054307058,0.9707453405140675,-0.10700203749926548,-0.018230899795220974,-0.21417675442001158,0.19262329312705412,-0.1703484949017943,0.1412884596437168,0.10914861172789705,-0.5252294540405273,-0.3262655436992645,0.4408685266971588,0.33414047956466675,0.12454330176115036,-0.2836882472038269,0.053755078464746475
57,1.1400000000000001,-0.8089950262754049,-1.5772851090601425,1.6392487320560132,-1.7980308261038502,-1.732175267099981,-0.3768850517576561,0.012271288427035041,0.29879450287047216,-0.175628332321938,0.1653571208382154,0.29054292368297285,-0.17021889320977687,0.16984920791892186,0.9688515745986845,-0.10861234085534033,-0.01416882445450918,-0.2221018465145014,0.19262329312705412,-0.1703484949017943,0.1412884596437168,0.10199993719040133,-0.4796089828014374,-0.316933274269104,0.42794573307037354,0.32163211703300476,0.15186719596385956,-0.2936716675758362,0.045481763780117035
58,1.16,-0.831089030042383,-1.5911022956073733,1.6506818600497668,-1.791154713739062,-1.7356949922118388,-0.38371012171169216,0.012273750658159253,0.2912647388890535,-0.1796823061662116,0.16549743616087645,0.28314986025238836,-0.17414272944150302,0.16998289140509074,0.9671256916315127,-0.10932252332876753,-0.009835205338455479,-0.2293899544776324,0.19262329312705412,-0.1703484949017943,0.1412884596437168,0.09504118047114161,-0.42919406294822693,-0.3054075241088867,0.4101618230342865,0.2989709675312042,0.17598946392536163,-0.30008140206336975,0.040125105530023575
59,1.18,-0.8525143656134978,-1.6047249922104374,1.6625406238807066,-1.7838696618353085,-1.7381238780672634,-0.39104882919871103,0.012274610614739848,0.28388280771508134,-0.18299279780140143,0.16528814789462518,0.27592279926599433,-0.17735593512161985,0.16979016703393401,0.9655817879006352,-0.10920562702500666,-0.005380482136572846,-0.2360021023479805,0.19262329312705412,-0.1703484949017943,0.1412884596437168,0.08831907645341028,-0.37608253955841064,-0.29223665595054626,0.3897131383419037,0.26871171593666077,0.1949852854013443,-0.3026261627674103,0.03769191727042198
60,1.2,-0.8731285025320066,-1.6181171395193465,1.6747000870020743,-1.7763512677868138,-1.7395139301584583,-0.3988479104193949,0.012274676992795813,0.2767441183743864,-0.18559678469309515,0.16478610302026425,0.2689529468806878,-0.1798963965505288,0.16932393448739289,0.9642283526268002,-0.1083492850264261,-0.000942460802891745,-0.24191574606152677,0.19262329312705412,-0.1703484949017943,0.1412884596437168,0.0818740881949467,-0.3230059742927551,-0.27772361040115356,0.3683028221130371,0.2335166335105896,0.2078201025724411,-0.30132243037223816,0.03796431049704552
61,1.22,-0.892813443878442,-1.6312421821166765,1.6870469813148536,-1.768769221796001,-1.73993675423506,-0.40704523474408866,0.012274395665985628,0.26992789933530337,-0.1875445407088913,0.16404518464192777,0.2623144850003503,-0.18181411304198,0.16863360852478704,0.9630679270963138,-0.10685086526426667,0.0033611121724445563,-0.24712701858690267,0.19262329312705412,-0.1703484949017943,0.1412884596437168,0.07573691168370307,-0.27292782068252563,-0.26209691166877747,0.34700149297714233,0.19590944051742554,0.2142033874988556,-0.2964484691619873,0.040554169565439224
62,1.24,-0.9114838656176569,-1.6440638343833962,1.6994808009264974,-1.7612792252161007,-1.7394809084644498,-0.4155724517582537,0.012274019280242009,0.2634940837197844,-0.18889768434389817,0.16311446260633175,0.2560621453134391,-0.18316915738846518,0.1677637148610125,0.9620969424951484,-0.10481270330807516,0.00743653683557515,-0.2516514819877562,0.19262329312705412,-0.1703484949017943,0.1412884596437168,0.0699270798199387,-0.22849951684474945,-0.2456110119819641,0.32624465227127075,0.15796785056591034,0.21444228291511536,-0.2884873151779175,0.04496805742383003
63,1.26,-0.9290915297645282,-1.6565470586355195,1.7119128809081008,-1.754017975587998,-1.738247605484866,-0.4243579736933401,0.01227369203666929,0.257482361842372,-0.18972665927042345,0.1620375671697615,0.25023089337058074,-0.18402918293787796,0.16675364477061674,0.9613059802387856,-0.102338004420397,0.011214741089622057,-0.25552294376570467,0.19262329312705412,-0.1703484949017943,0.1412884596437168,0.06445364601406112,-0.19157584011554718,-0.22859683632850647,0.3060039281845093,0.12118390202522278,0.20933111011981964,-0.2780667841434479,0.050675634294748306
64,1.28,-0.9456252344230955,-1.6686593124913551,1.724264695792657,-1.7471007244093222,-1.7363452715970722,-0.43333004861060914,0.012273491365770491,0.25191325341974924,-0.1901076762495951,0.1608528823875979,0.24483743602719663,-0.18446652023452895,0.1656380955159769,0.9606806139767949,-0.09952741547903009,0.014649271896256998,-0.25879035980913756,0.19262329312705412,-0.1703484949017943,0.1412884596437168,0.05931728352852898,-0.1629592925310135,-0.21145832538604736,0.2860901653766632,0.0865665078163147,0.20005422830581665,-0.26590585708618164,0.05716508999466896
65,1.3,-0.9611067128243967,-1.6803719519767522,1.7364665621245625,-1.740620389771805,-1.7338835172715743,-0.4424196882810503,0.01227344956685079,0.2467906888610941,-0.19011919745801745,0.15959400058078457,0.23988296513503263,-0.18455494195577027,0.1644476286878992,0.9602027982641033,-0.0964759742552315,0.01771290453147068,-0.2615133373469686,0.19262329312705412,-0.1703484949017943,0.1412884596437168,0.054512813603923856,-0.1424233317375183,-0.1946408450603485,0.2664395272731781,0.05485278367996216,0.18805557489395142,-0.25275561213493347,0.06398288160562515
66,1.32,-0.9755837329399697,-1.6916615595615105,1.7484573746028458,-1.7346473744266924,-1.730967214529817,-0.45156321512303416,0.012273567319272934,0.24210542193529688,-0.1898381969587502,0.15829001830308292,0.23535649249135732,-0.1843663020369467,0.16320896376853636,0.959852577653098,-0.09327024385183508,0.020393948391857812,-0.26375704285101853,0.19262329312705412,-0.1703484949017943,0.1412884596437168,0.05003132764452532,-0.12895318865776062,-0.17857885360717773,0.24725686013698578,0.026661576703190804,0.174858957529068,-0.23933430016040802,0.07075701653957367
67,1.34,-0.9891219734257283,-1.702511010273583,1.7601852444352593,-1.729229854067836,-1.7276914880132976,-0.46070420954198577,0.012273824376682844,0.23783864270875957,-0.189336615469141,0.15696557606176706,0.23123824499820997,-0.18396741791928417,0.16194497190188645,0.9596097834194044,-0.08998581867210005,0.022692836467662722,-0.26558737013783024,0.19262329312705412,-0.1703484949017943,0.1412884596437168,0.04586154239490764,-0.12108750641345978,-0.16366004943847656,0.2289639413356781,0.0024887288454920053,0.1618494689464569,-0.22626157104969025,0.07720768451690674
68,1.36,-1.0017971013202573,-1.7129101962094373,1.7716083885508005,-1.7243947547919296,-1.7241383386626743,-0.46979471806980366,0.012274188958507001,0.23396532747833623,-0.18867850788213966,0.155640825835261,0.22750276262755909,-0.18341762113698393,0.16067459553388394,0.9594554175482153,-0.08668566328607007,0.024619137862460387,-0.26706702448813224,0.19262329312705412,-0.1703484949017943,0.1412884596437168,0.04199049556673515,-0.11724879592657089,-0.15020999312400818,0.21202732622623444,-0.01738894172012806,0.15007157623767853,-0.2140098512172699,0.08314990997314453
69,1.3800000000000001,-1.0136880328908326,-1.7228563520515074,1.7826955947817498,-1.7201496888653083,-1.7203752365019294,-0.47879569665307875,0.012274625575067089,0.23045705662483965,-0.18791826060778416,0.15433156580222746,0.22412150956961158,-0.18276727937218049,0.15941293346157753,0.9593725633128771,-0.08341964928712721,0.026188943148648024,-0.2682528399328714,0.19262329312705412,-0.1703484949017943,0.1412884596437168,0.03840391123256095,-0.11598873138427734,-0.13847027719020844,0.1967943012714386,-0.03299545869231224,0.1401234269142151,-0.202882781624794,0.08848527073860168
70,1.4000000000000001,-1.0248718856896857,-1.7323539480583523,1.793425882031867,-1.7164858590523604,-1.7164555479414345,-0.4876767830906774,0.01227510081162511,0.22728419135687256,-0.1871000013256496,0.15304966411376186,0.22106491515076315,-0.18205737281646955,0.15817160232835142,0.9593468079091245,-0.08022532825000805,0.02742257413608788,-0.26919435597631614,0.19262329312705412,-0.1703484949017943,0.1412884596437168,0.035086524368623806,-0.11613591015338898,-0.12857849895954132,0.18340133130550385,-0.04466067999601364,0.13216648995876312,-0.193024143576622,0.09318830817937851
71,1.42,-1.0354197298746153,-1.7414140342392181,1.8037883089925733,-1.7133797642997797,-1.7124167427369175,-0.4964152131454982,0.01194211253751544,0.22441790848191354,-0.186257103220906,0.15180324808907614,0.21823185937316894,-0.18143769212110467,0.1569818286464074,0.9593781027778754,-0.07709881495073526,0.028337287682693935,-0.26990077208171515,0.19262329312705412,-0.1703484949017943,0.1412884596437168,0.03201641439644705,-0.11683864891529083,-0.12054815143346786,0.171779602766037,-0.05292981117963791,0.126039519906044,-0.1844472885131836,0.0972866341471672
72,1.44,-1.0452654139504727,-1.7499957337351757,1.8135729659968503,-1.7108410367466826,-1.7083779094835365,-0.5048594668637336,0.011432788300285743,0.2218556857245311,-0.1854375736118526,0.15063775997299403,0.21579779619432513,-0.18070719240616606,0.15585467693556862,0.9594738618868324,-0.07423691481579603,0.028963880001681864,-0.27029591652455465,0.19262329312705412,-0.1703484949017943,0.1412884596437168,0.02926661737535573,-0.0803222730755806,-0.10132598876953125,0.10017003864049911,-0.07372758537530899,0.09968949854373932,-0.1369950771331787,0.15213263034820557
73,1.46,-1.054466328385025,-1.758061599773021,1.822665471965426,-1.7089434776156873,-1.70437598022691,-0.5128834709201893,0.011185175541008535,0.2195996483191188,-0.18470543317971835,0.14959948319227767,0.21369551828042552,-0.18003135772730555,0.15484537732847875,0.9595587678769543,-0.07161210450837546,0.029204726581113918,-0.2706764884944128,0.19262329312705412,-0.1703484949017943,0.1412884596437168,0.026862362564068282,-0.08184095472097397,-0.07715751975774765,0.06018313392996788,-0.10890844464302063,0.08781991899013519,-0.09841759502887726,0.19128946959972382
74,1.48,-1.0633322147470272,-1.7656255889198071,1.831365925181758,-1.7076699942487228,-1.7003617444879418,-0.5205462519064352,0.011137835719508344,0.21758065316012248,-0.18408619396291626,0.14863332715844463,0.2117661278858481,-0.17949553438110177,0.15387919794014102,0.9596034207594244,-0.06916217295518934,0.02914945841482151,-0.27116079689558886,0.19262329312705412,-0.1703484949017943,0.1412884596437168,0.024670694045517718,-0.14995117485523224,-0.06221816688776016,0.14108681678771973,-0.10446587204933167,0.10316865891218185,-0.10928160697221756,0.17591805756092072
75,1.5,-1.0719218998676538,-1.7727367700772596,1.83986906698412,-1.7068662407727182,-1.6962985957323922,-0.5279005269795847,0.011141956736621895,0.2157340164487133,-0.18353221393358463,0.14765894266155496,0.2099883521463474,-0.17900624672616486,0.15288878950017226,0.9596343604066563,-0.06678726578774669,0.028937941601862468,-0.2716688259468734,0.19262329312705412,-0.1703484949017943,0.1412884596437168,0.022606848391018647,-0.14992749691009521,-0.06880557537078857,0.17334678769111633,-0.08034148812294006,0.11506281048059464,-0.11299736052751541,0.1700136363506317
76,1.52,-1.0802233575622178,-1.779473248016078,1.8481952527015293,-1.7064173943247853,-1.6921752717290988,-0.534979631026642,0.011147644187371575,0.21403859300402453,-0.18300575645473485,0.14666446994123428,0.20835143137034526,-0.17853556504002616,0.1518798085666676,0.9596620875717335,-0.0644642223049532,0.028601149304050538,-0.2721672573594551,0.19262329312705412,-0.1703484949017943,0.1412884596437168,0.020653791953442743,-0.13906100392341614,-0.08073611557483673,0.16539663076400757,-0.0689752995967865,0.11801186203956604,-0.11339176446199417,0.16876330971717834
77,1.54,-1.0882273800793616,-1.7859103583723912,1.8562944258994458,-1.7062738979668162,-1.6880060183398902,-0.541807183497445,0.011149408764604725,0.2124892369556693,-0.18250425495077546,0.14567760673896807,0.20685339899938202,-0.17808765412787161,0.1508848874359549,0.9596881100736379,-0.06222474755874992,0.028121430491662092,-0.2726462860954503,0.19262329312705412,-0.1703484949017943,0.1412884596437168,0.01882769037975392,-0.12985149025917053,-0.09129612147808075,0.1454862356185913,-0.06845508515834808,0.1147962361574173,-0.11237559467554092,0.16944067180156708
78,1.56,-1.0959375859402012,-1.7921000939548648,1.864122090367624,-1.706411071466663,-1.6838095738344936,-0.5484030986447117,0.011149583116930928,0.21108179758963366,-0.1820382218662035,0.14472778039362064,0.2054915763664082,-0.17767315834685637,0.14993039833864702,0.9597120996665277,-0.060101253069310974,0.027482435859550035,-0.27310298579911163,0.19262329312705412,-0.1703484949017943,0.1412884596437168,0.01714428512707957,-0.123814657330513,-0.09631253033876419,0.12945617735385895,-0.06962425261735916,0.11100679636001587,-0.11116126924753189,0.1702645719051361
79,1.58,-1.1033645520718962,-1.798072467788129,1.8716609792861676,-1.706802203404978,-1.679599344695945,-0.5547850431303437,0.011149511945199869,0.2098087770090715,-0.1816146954713434,0.1438304816504344,0.2042589485314887,-0.17729757140970953,0.14902789127388444,0.9597342990838178,-0.058107205692027784,0.026685019011655146,-0.2735352583655449,0.19262329312705412,-0.1703484949017943,0.1412884596437168,0.01560695175111548,-0.1194341704249382,-0.09699511528015137,0.11993645876646042,-0.06861543655395508,0.10847607254981995,-0.10989106446504593,0.17115570604801178
80,1.6,-1.1105206925814757,-1.803845874025422,1.8789137070908857,-1.707414839850707,-1.675383765436112,-0.5609686129677799,0.01114948983219589,0.20866021979457555,-0.18123418946051145,0.14298944182866172,0.2031455870022724,-0.17696073996199715,0.1481790705574841,0.9597554449157669,-0.05624157999154001,0.025742004643154962,-0.2739410882499112,0.19262329312705412,-0.1703484949017943,0.1412884596437168,0.014209889932633616,-0.11562465876340866,-0.09592042118310928,0.11439722776412964,-0.06586702167987823,0.10684286803007126,-0.10852771997451782,0.17217488586902618
81,1.62,-1.1174183424778854,-1.8094350080577386,1.8858908776175356,-1.7082158262350187,-1.6711692902261073,-0.5669675484470652,0.01114950921192594,0.20762554294726673,-0.1808936952342054,0.1422032158786423,0.2021409502654319,-0.17665989256910883,0.14738212211622145,0.9597762889470367,-0.05449800012156034,0.024669801916449914,-0.27431887290379403,0.19262329312705412,-0.1703484949017943,0.1412884596437168,0.012944197937589975,-0.1120453029870987,-0.09470704197883606,0.11028148233890533,-0.06271195411682129,0.10538141429424286,-0.1070793941617012,0.17331983149051666
82,1.6400000000000001,-1.1240694400021631,-1.8148539596903195,1.89260415208129,-1.7091753023326621,-1.6669621580784655,-0.5727940478772672,0.011149541709883654,0.20669465049232594,-0.18058961141102944,0.14146946705235502,0.20123518991828895,-0.17639193622169017,0.14663502063962838,0.9597973860536516,-0.05287001783408104,0.023483816694805877,-0.2746675250047709,0.19262329312705412,-0.1703484949017943,0.1412884596437168,0.011801426346544241,-0.10866549611091614,-0.09383315593004227,0.1063818410038948,-0.05986941605806351,0.10374847054481506,-0.10558398813009262,0.17454564571380615
83,1.6600000000000001,-1.1304856584768854,-1.8201164150398152,1.899064197733265,-1.7102678268262896,-1.6627690259557846,-0.5784592380171525,0.011367032359315918,0.2058583252446524,-0.1803187711376136,0.1407862470009669,0.20037473316803592,-0.17622605443740455,0.14594318727446465,0.9598245050656904,-0.05136332014741484,0.022190323421857658,-0.27496603129344926,0.19262329312705412,-0.1703484949017943,0.1412884596437168,0.010784109519103854,-0.10549633949995041,-0.09320890158414841,0.10248058289289474,-0.05741856247186661,0.10194407403469086,-0.10407392680644989,0.1758117377758026
84,1.68,-1.1367431877800092,-1.8252636052326816,1.9053837566664014,-1.7114562555767605,-1.6585501661805824,-0.5840494305271979,0.011485692196902323,0.205097912951846,-0.18006741957436045,0.14013322027265868,0.19960841007843813,-0.17602181418621482,0.14526587162376373,0.9598469126148959,-0.049910344547258206,0.02081204279306353,-0.2752630028274886,0.19262329312705412,-0.1703484949017943,0.1412884596437168,0.009838608467995403,-0.12040752917528152,-0.09907010942697525,0.12999624013900757,-0.04816028103232384,0.11304672062397003,-0.12510085105895996,0.14514589309692383
85,1.7,-1.1427472410638237,-1.8303106671199862,1.9114993127252244,-1.7126770272723006,-1.6543417293813272,-0.5895580405742074,0.011506781445501041,0.2044130070650615,-0.1798175767316451,0.13951272868636394,0.1989316926317452,-0.17579976529780159,0.14462579639958745,0.9598915353619553,-0.04853483424013349,0.019386794701355917,-0.2754573694729513,0.19262329312705412,-0.1703484949017943,0.1412884596437168,0.008980538394954803,-0.08843174576759338,-0.103207528591156,0.10136205703020096,-0.03783993050456047,0.1028451919555664,-0.11799798905849457,0.15839414298534393
86,1.72,-1.1484871438559006,-1.8352690939061007,1.9173497367399979,-1.7139332208169071,-1.6501599751339895,-0.5949749619466321,0.011504016864949632,0.20381016541863828,-0.17957803461133498,0.1389497398899795,0.1983384268704409,-0.17558850388050928,0.14404693383963366,0.9599506058712779,-0.04726477957406913,0.0178827635875448,-0.2755740946926121,0.19262329312705412,-0.1703484949017943,0.1412884596437168,0.008229801193914164,-0.08166184276342392,-0.10227353870868683,0.08131735026836395,-0.04170119762420654,0.09826895594596863,-0.11364588886499405,0.16256558895111084
87,1.74,-1.1539938054894725,-1.8401362302417648,1.922931335395564,-1.715238234564852,-1.6460193629570785,-0.6002969549504982,0.011297842014530605,0.20328401591012,-0.17936337365866686,0.1384524482361238,0.19786215688731099,-0.175332042251325,0.1435243953153502,0.9600176207174091,-0.04609654542919936,0.016298127641352106,-0.2756368035059257,0.19262329312705412,-0.1703484949017943,0.1412884596437168,0.007568411062517017,-0.0838267132639885,-0.09817641973495483,0.07663882523775101,-0.04455175623297691,0.09355717152357101,-0.11075880378484726,0.16525301337242126
88,1.76,-1.1592035728832093,-1.8448855790068086,1.928149571487909,-1.7166059161815104,-1.6419634581581226,-0.6054523811045526,0.011173842547761917,0.20283980462292586,-0.1791870031534007,0.13803777658203092,0.1974477957207511,-0.17516145599022112,0.14309560097214508,0.9600961941178539,-0.045097777422783605,0.014642036870958887,-0.2756212968335462,0.19262329312705412,-0.1703484949017943,0.1412884596437168,0.0070502609523487286,-0.05960487201809883,-0.09048892557621002,0.04087395220994949,-0.05185725539922714,0.08120577037334442,-0.08736369758844376,0.1960834264755249
89,1.78,-1.1642709335105867,-1.8494968966619318,1.9331246986691468,-1.7180623676186788,-1.6379776667903838,-0.6104539244126688,0.011145889767299856,0.20245572513921958,-0.17906222707643699,0.13768747615463578,0.19706646259137842,-0.17506110549092466,0.14271837641393895,0.9601535992252758,-0.04421516115899858,0.01291386240186071,-0.27565071662576357,0.19262329312705412,-0.1703484949017943,0.1412884596437168,0.006632881381665889,-0.0969173014163971,-0.0777738094329834,0.07410038262605667,-0.054666683077812195,0.08289988338947296,-0.08966850489377975,0.1889992505311966
90,1.8,-1.1692326140593887,-1.8539690760248155,1.9379588143435769,-1.719573153458785,-1.6340566069335318,-0.615319109582835,0.011364118817884673,0.20210526803217485,-0.17897194777406344,0.13736020965529558,0.19666810639935695,-0.1750593210837304,0.1423606247205926,0.9602071644709249,-0.04341208247988067,0.011168793170509362,-0.2756680076696955,0.19262329312705412,-0.1703484949017943,0.1412884596437168,0.006300947204689459,-0.09949661791324615,-0.07681024819612503,0.09189906716346741,-0.0469980351626873,0.08382564038038254,-0.09010264277458191,0.18757186830043793
91,1.82,-1.1741496371029674,-1.8583476691186627,1.9427850646433173,-1.7210878425853209,-1.6301461911954327,-0.6201350894769637,0.011580395243784288,0.2017717079663431,-0.17888525275200945,0.13702154430939414,0.19629442365463193,-0.17502410743631122,0.1419800896413059,0.9602439578236937,-0.042557146256191766,0.00941902414476,-0.27573848615994173,0.19262329312705412,-0.1703484949017943,0.1412884596437168,0.0059847225480393505,-0.11315599828958511,-0.08555677533149719,0.1240052655339241,-0.034528378397226334,0.09725120663642883,-0.1117730438709259,0.15610738098621368
92,1.84,-1.1790287739900662,-1.8626851286101629,1.947651983092295,-1.722564792674401,-1.626224527229613,-0.62497126544642,0.011722850146916645,0.20144582579000642,-0.17877931471805336,0.13665640962379033,0.19599571821741357,-0.1748491682141848,0.14156217987756473,0.9602893304013859,-0.041752659652132956,0.007714377205248589,-0.2757564246097717,0.19262329312705412,-0.1703484949017943,0.1412884596437168,0.0056306512963748626,-0.11275195330381393,-0.09857334941625595,0.1317436844110489,-0.02690611593425274,0.10163447260856628,-0.12765797972679138,0.13418041169643402
93,1.86,-1.1837244473940252,-1.8670105859313775,1.9523877214901084,-1.7239660048598004,-1.622356070622482,-0.6298014376420282,0.011869850259837972,0.20114730229008876,-0.17865071837879015,0.13630353152950286,0.1956129331151747,-0.1748492058404766,0.14119414080589748,0.9603473086992781,-0.04093447300967385,0.006014627137071575,-0.2757194948745446,0.19262329312705412,-0.1703484949017943,0.1412884596437168,0.005404002429247404,-0.0709998607635498,-0.10783988237380981,0.07904620468616486,-0.020149897783994675,0.08465815335512161,-0.11817522346973419,0.1518995761871338
94,1.8800000000000001,-1.1882448609401708,-1.8713373756703318,1.9569546384641896,-1.7253121710325665,-1.6185045072885673,-0.6346469122783637,0.01180466482888749,0.20089101314542365,-0.17851690928072764,0.1359969603759211,0.19534743609128577,-0.17472821556454568,0.14086234849898097,0.9604309254633012,-0.04020292143334562,0.004279227068926827,-0.2755682324536372,0.19262329312705412,-0.1703484949017943,0.1412884596437168,0.005175372322932171,-0.07250681519508362,-0.10708603262901306,0.07362972944974899,-0.02243276871740818,0.09378961473703384,-0.12561540305614471,0.13848523795604706
95,1.9000000000000001,-1.192602295362542,-1.8756402726631256,1.9613235769620123,-1.7266217704055573,-1.614702085120952,-0.6394775672622706,0.011661832135655064,0.20067543918195896,-0.1783909861864875,0.13574175541560343,0.195134598537639,-0.17459763434586067,0.14058025500051255,0.9605378865584615,-0.03959178338335389,0.002526002637331761,-0.2753054276344805,0.19262329312705412,-0.1703484949017943,0.1412884596437168,0.0049863207575335305,-0.07122991234064102,-0.10006921738386154,0.061839696019887924,-0.025324124842882156,0.082831971347332,-0.11617007851600647,0.15267519652843475
96,1.92,-1.1966423506708928,-1.8798881186935061,1.9653280630279903,-1.7279003405934712,-1.610988250307112,-0.6442031829105923,0.011332344545617993,0.20052290912330037,-0.17828482466985446,0.13557132912744757,0.19505442299449494,-0.17440592229671975,0.14038727310887752,0.9606899395022005,-0.0390773014285793,0.0007240358837436501,-0.2748586553564529,0.19262329312705412,-0.1703484949017943,0.1412884596437168,0.004815106091046179,-0.023792052641510963,-0.09421544522047043,0.007102777250111103,-0.029029401019215584,0.07255750149488449,-0.09066788852214813,0.18671105802059174
97,1.94,-1.2004253534149727,-1.8840247919577207,1.9689411497963418,-1.729207157220278,-1.60738952934427,-0.6487522366840024,0.011173071335707836,0.2004368652410964,-0.17822691001812524,0.1355029666921111,0.19499190894322535,-0.174344425082721,0.14029930060170628,0.9608317182253345,-0.038733954947755715,-0.0011408418225181704,-0.27440989134175336,0.19262329312705412,-0.1703484949017943,0.1412884596437168,0.004749340428506738,-0.036573346704244614,-0.07369368523359299,-0.001137854065746069,-0.0415823720395565,0.06162233650684357,-0.07019300758838654,0.210976704955101
98,1.96,-1.2041702762085622,-1.8880061659832028,1.9723998083252798,-1.7305667663925375,-1.603896615945104,-0.6531446564956297,0.01114288891114033,0.20037055248716992,-0.1782225340830958,0.13547638500545242,0.1949129577119682,-0.1743567922574313,0.14023040988140018,0.9609341642412699,-0.03846687590851566,-0.003015506826974147,-0.27407432964498557,0.19262329312705412,-0.1703484949017943,0.1412884596437168,0.004735871715128562,-0.08927364647388458,-0.05637568607926369,0.06231527402997017,-0.04075925797224045,0.06157147139310837,-0.07399289309978485,0.20197340846061707
99,1.98,-1.2078999005327715,-1.8918374336774761,1.975843027835145,-1.7319287818424955,-1.6004967969628436,-0.6574026364564103,0.011363481996376348,0.20029277598246578,-0.17823659505061218,0.13542882324487923,0.19477461778770214,-0.17444809695523067,0.14013479615236496,0.9610265058111371,-0.03821409642301079,-0.004827599435263871,-0.2737598075808463,0.19262329312705412,-0.1703484949017943,0.1412884596437168,0.004771359789759119,-0.08929415047168732,-0.058787014335393906,0.08741030842065811,-0.030256863683462143,0.06465381383895874,-0.07551117986440659,0.19905789196491241
100,2.0,-1.2116600979002918,-1.8955812432437795,1.9793946856413045,-1.7332426307402486,-1.5971270963610424,-0.6616158054732295,0.0116457825536368,0.20019369008112883,-0.17823360621692705,0.135328785217302,0.1946827033017677,-0.17439347868755822,0.13997179187043454,0.9610980401357427,-0.03787928629162531,-0.00657398689854777,-0.27351873722567754,0.19262329312705412,-0.1703484949017943,0.1412884596437168,0.00472616949759602,-0.10141222178936005,-0.07213126122951508,0.11848001927137375,-0.01793309673666954,0.0795987918972969,-0.09777959436178207,0.16789862513542175
101,2.02,-1.2154720771387177,-1.8993153732466017,1.9831076132363616,-1.7344823379018017,-1.5937623294858885,-0.6658796650346127,0.011889352110802213,0.20006841855532057,-0.17819217189894046,0.1351665113608865,0.19449405836329867,-0.17440092690879205,0.13975874954225612,0.9611554885827044,-0.037478230272983706,-0.008249609309301555,-0.27332664152839586,0.19262329312705412,-0.1703484949017943,0.1412884596437168,0.004718260350488501,-0.10710857063531876,-0.09160211682319641,0.13086391985416412,-0.01316530629992485,0.08414126932621002,-0.12136431038379669,0.13453464210033417
102,2.04,-1.219186753145171,-1.903082118199155,1.9868255103515615,-1.735602734644144,-1.5904264886862738,-0.6702000709156796,0.0120706155687729,0.19993896835499037,-0.17810854930508083,0.13498203463224373,0.1943697439291616,-0.174275056369314,0.1395341939673899,0.9612191797837107,-0.0370449722871749,-0.009871224243692838,-0.27310788596469393,0.19262329312705412,-0.1703484949017943,0.1412884596437168,0.004641704797327285,-0.06677547097206116,-0.10459528863430023,0.08602403849363327,-0.0027456118259578943,0.07764557003974915,-0.12112893164157867,0.1404375433921814
103,2.06,-1.222743843616103,-1.906899167807059,1.9904130958202797,-1.7366132992580101,-1.5871296805868815,-0.6745784031926759,0.0121697190770646,0.19983083608142826,-0.17800034379489676,0.13482807117537218,0.19425998105822753,-0.17415080312343806,0.13935354745070777,0.961310803581234,-0.0366602477920585,-0.011492699872262658,-0.2727736845802288,0.19262329312705412,-0.1703484949017943,0.1412884596437168,0.004569483602233791,-0.05110570043325424,-0.10781094431877136,0.053353697061538696,-0.003188231959939003,0.07383136451244354,-0.12311229109764099,0.13787490129470825
104,2.08,-1.2261331438528897,-1.910748021396374,1.9938102504214077,-1.7375375052477038,-1.5838883153361014,-0.6790059367170421,0.012222095152396468,0.19975273072292354,-0.17788787601212777,0.13472978105687478,0.19417578262262306,-0.17403700615092926,0.13923186193506135,0.9614316031514152,-0.036356602512258786,-0.013131258915682262,-0.2723142301730776,0.19262329312705412,-0.1703484949017943,0.1412884596437168,0.004499436965231759,-0.04555753618478775,-0.102316714823246,0.03843643516302109,-0.004642268177121878,0.06797729432582855,-0.12191802263259888,0.13999299705028534
105,2.1,-1.2293669244360264,-1.9145956075359634,1.997017618172322,-1.738391325219412,-1.5807139714006402,-0.6834702640007141,0.01224955597007056,0.19970226128429938,-0.17778012106587693,0.13468605170635875,0.19411569413652577,-0.17393524541018626,0.13916195766194178,0.9615758985269368,-0.036131155981232115,-0.01477998933933038,-0.27174966946567713,0.19262329312705412,-0.1703484949017943,0.1412884596437168,0.004428775300352812,-0.044922661036252975,-0.09359300881624222,0.03647790104150772,-0.004982480313628912,0.06366528570652008,-0.11985092610120773,0.1420135349035263
106,2.12,-1.2324643468930243,-1.918412200495731,2.000063218935488,-1.7391812150587505,-1.5776131449086348,-0.6879586874430834,0.012085707193676382,0.19967308706953024,-0.17767637291067578,0.13468287394291895,0.19394888064416343,-0.17404430870343948,0.13914253268508137,0.9617556625676738,-0.0359422050534062,-0.016426686527857413,-0.2710431098268881,0.19262329312705412,-0.1703484949017943,0.1412884596437168,0.004474508289605177,-0.04604363813996315,-0.0858011245727539,0.039761897176504135,-0.0043641142547130585,0.06028708815574646,-0.11750674247741699,0.1441611498594284
107,2.14,-1.2353845110344643,-1.9221630539777868,2.002909374890206,-1.7399164173376145,-1.574583668936016,-0.6924116228161767,0.011978531833187256,0.19966995152809947,-0.17757849065346745,0.13471959243918596,0.19388720001985976,-0.17404489909796428,0.13915565372391805,0.9619614372930553,-0.03584489726016182,-0.018053851238354852,-0.2702210113165748,0.19262329312705412,-0.1703484949017943,0.1412884596437168,0.004450811803106629,-0.030738497152924538,-0.07711618393659592,0.02292817272245884,-0.006561700254678726,0.06054051220417023,-0.10099517554044724,0.16682767868041992
108,2.16,-1.2382314379989992,-1.9258284869685467,2.0056437471218813,-1.7406276052494665,-1.5716113124899735,-0.6968193794516613,0.011943762616299064,0.19968255988155206,-0.17749102567075573,0.13477800126695594,0.19386479159274628,-0.1740054753386186,0.1391772253156894,0.9621616583747439,-0.035777517444607505,-0.019676424630136226,-0.26940258111762677,0.19262329312705412,-0.1703484949017943,0.1412884596437168,0.004401378732110311,-0.05640198662877083,-0.06811560690402985,0.046450622379779816,-0.011412743479013443,0.06048371642827988,-0.09951376169919968,0.16468393802642822
109,2.18,-1.241039841441758,-1.9294066522837405,2.0083382882258256,-1.7413135554167676,-1.5687037739019267,-0.7011829487226792,0.011938600343081297,0.19969348026573452,-0.17740781194391247,0.1348307683755791,0.1938504659271521,-0.17394493948262638,0.1391863206157314,0.9623576272030108,-0.035713752480700356,-0.02125841637940265,-0.26858965911028587,0.19262329312705412,-0.1703484949017943,0.1412884596437168,0.0043427359115281415,-0.0616147555410862,-0.06723200529813766,0.06063046678900719,-0.009940245188772678,0.0574539415538311,-0.0987754687666893,0.16414886713027954
110,2.2,-1.2438069089426358,-1.932910807450769,2.0110101929867557,-1.7419632156892042,-1.565861725805387,-0.7055052782637297,0.011940132736555083,0.19969793143937237,-0.1773206766885981,0.13486924864959507,0.19383404858105757,-0.1738710620776738,0.13918104305536988,0.9625526162306488,-0.035643320971935934,-0.022791057777847158,-0.26777337870481666,0.19262329312705412,-0.1703484949017943,0.1412884596437168,0.004279674398225016,-0.05924929678440094,-0.06955274939537048,0.061531923711299896,-0.007578456308692694,0.056249260902404785,-0.09848599880933762,0.16380083560943604
111,2.22,-1.2465249403063017,-1.9363571169086855,2.013646620425227,-1.742572800765553,-1.5630841144529948,-0.7097888308538697,0.011941918763038916,0.19969759232669768,-0.17722858934431365,0.1348986469397169,0.19381482872314615,-0.17379000524990842,0.13916936750324332,0.9627477090968499,-0.0355739507426858,-0.024281208751672844,-0.2669489943020638,0.19262329312705412,-0.1703484949017943,0.1412884596437168,0.004213585415385277,-0.05620935186743736,-0.07217242568731308,0.056485366076231,-0.006552820093929768,0.05489720404148102,-0.09806916862726212,0.16410894691944122
112,2.24,-1.2491893109115217,-1.9397561263619807,2.0162308272059946,-1.7431443355970355,-1.5603703539402443,-0.7140354541128254,0.011943079026451836,0.1996950039337604,-0.17713461918345436,0.1349272228373468,0.19379458584994472,-0.1737068435412688,0.1391592639320783,0.9629430872932974,-0.035516551612843485,-0.02573754252359963,-0.2661141937222299,0.19262329312705412,-0.1703484949017943,0.1412884596437168,0.0041453475855972016,-0.053904056549072266,-0.07327547669410706,0.05134838819503784,-0.006152505520731211,0.05338027700781822,-0.0975601002573967,0.16457167267799377
113,2.2600000000000002,-1.251798279351058,-1.9431115652272557,2.018753103445053,-1.743680231850971,-1.5577198634988514,-0.7182466234176536,0.01194375967102832,0.19969174745528442,-0.17704150967763554,0.13496021978795952,0.19377459528662097,-0.1736244802520975,0.13915479298662006,0.9631388002891994,-0.03547703226055367,-0.02716487847875928,-0.2652679794786786,0.19262329312705412,-0.1703484949017943,0.1412884596437168,0.004075550279610222,-0.0521995909512043,-0.0728016197681427,0.04800714552402496,-0.005532563664019108,0.05190551280975342,-0.09700876474380493,0.16510331630706787
114,2.2800000000000002,-1.254351570100044,-1.9464231933078966,2.021210807907666,-1.7441813197217015,-1.5551319079010368,-0.7224235584138147,0.011944140467987061,0.19968838125756044,-0.1769502504222107,0.13499925284862008,0.19375516736091644,-0.17354380351986584,0.1391567178592266,0.9633349592699553,-0.035456291126434177,-0.02856437434896381,-0.2644100682386438,0.19262329312705412,-0.1703484949017943,0.1412884596437168,0.004004429982125452,-0.050781507045030594,-0.07150296121835709,0.04613686725497246,-0.0046008070930838585,0.050498440861701965,-0.09643128514289856,0.1656794548034668
115,2.3000000000000003,-1.2568490187059045,-1.9496896486777924,2.023605479514389,-1.7446462514202083,-1.5526040976347562,-0.7265671634068309,0.011791821855282152,0.19968456397473208,-0.17686119475640832,0.13504418114974517,0.19379843468962502,-0.17335837520314076,0.13915824466977067,0.96354311658932,-0.0354829549702021,-0.029926450660886596,-0.26349578731122975,0.19262329312705412,-0.1703484949017943,0.1412884596437168,0.003870161877200929,-0.049505122005939484,-0.07001785933971405,0.04495888575911522,-0.003591654123738408,0.04911017790436745,-0.09584008157253265,0.16628119349479675
116,2.32,-1.259241777074179,-1.9528963462234463,2.02584498368898,-1.7450883459759492,-1.550180023871836,-0.7306302860311967,0.011560173896982873,0.1996861106218891,-0.17678378680764842,0.1351128877251406,0.19384787904268974,-0.17319518336848924,0.13919150444904455,0.9637598774875318,-0.035531754451121104,-0.031264810070813095,-0.26253933918953903,0.19262329312705412,-0.1703484949017943,0.1412884596437168,0.0037417197890342014,-0.034211400896310806,-0.0661720335483551,0.015429632738232613,-0.007941195741295815,0.036614421755075455,-0.08112799376249313,0.18704701960086823
117,2.34,-1.2612819178557648,-1.9560235162163202,2.0276558231974,-1.7455186363361173,-1.5478835478323645,-0.7345101393887876,0.011454676061441148,0.19973713010850017,-0.1767363450601381,0.1352748126496384,0.1939408422861414,-0.17312256097067685,0.13934302322615957,0.964011808570198,-0.03574181946888033,-0.03261293223489467,-0.2614194941646719,0.19262329312705412,-0.1703484949017943,0.1412884596437168,0.0036353956037679077,0.03604410961270332,-0.06273028254508972,-0.06803566217422485,-0.01556369662284851,0.028898660093545914,-0.050746336579322815,0.2265757918357849
118,2.36,-1.2632947875145288,-1.959013696322442,2.02929863515543,-1.7459856644140384,-1.545676001532648,-0.738248901721505,0.011243517260959728,0.19980888019784934,-0.17673763076867005,0.1354952185703323,0.19403239448889986,-0.17308841021385524,0.13952217019415505,0.9642125562428404,-0.03600876287414875,-0.0339935624994686,-0.26046487880041774,0.19262329312705412,-0.1703484949017943,0.1412884596437168,0.0035514054942873954,-0.05136888101696968,-0.03377094864845276,0.01727238856256008,-0.013640857301652431,0.03219939395785332,-0.06218608096241951,0.21038320660591125
119,2.38,-1.2653168787868374,-1.9618364835856372,2.030923606455192,-1.7464651027280627,-1.5435863454928516,-0.741828974452283,0.01141977622294318,0.1998582024361101,-0.17676186654434675,0.1356940273508098,0.19404631289876487,-0.17315768855511354,0.13967185316355407,0.9643939980023826,-0.03628514377855853,-0.03529193944117206,-0.2595805924340861,0.19262329312705412,-0.1703484949017943,0.1412884596437168,0.0035397698744739046,-0.05289703607559204,-0.029198652133345604,0.04150852560997009,-0.011835526674985886,0.023654097691178322,-0.05140821263194084,0.22398032248020172
120,2.4,-1.267498324183637,-1.9645421199993824,2.032780733394925,-1.746934093789508,-1.5415466602831274,-0.7453534471914056,0.011795988592096367,0.19985896824300106,-0.17677413469780504,0.13580845187697368,0.19401488173382714,-0.17317550013651545,0.13971842713930013,0.9645264260154394,-0.03644849238944523,-0.036504237316561376,-0.25889712547333654,0.19262329312705412,-0.1703484949017943,0.1412884596437168,0.003520437403585834,-0.09380026906728745,-0.037163522094488144,0.11177384108304977,-0.002236912027001381,0.04204428941011429,-0.07859614491462708,0.18524868786334991
121,2.42,-1.2698015942384142,-1.9672272433811255,2.03495361921949,-1.7473235761542325,-1.5395018659790993,-0.7489321609219312,0.012035559616573708,0.19980836217474152,-0.1767305676690689,0.1358068960197745,0.19395135130720625,-0.1730931348744252,0.13965181596381934,0.9646295230389696,-0.03643503543053739,-0.037609090772399524,-0.25835620326607117,0.19262329312705412,-0.1703484949017943,0.1412884596437168,0.0034605475931101916,-0.0843229591846466,-0.06421790271997452,0.12896543741226196,0.010797406546771526,0.054423198103904724,-0.10554236173629761,0.15002042055130005
122,2.44,-1.2720603750519561,-1.969961828379275,2.0372265756587895,-1.747585601701505,-1.5374784044708485,-0.7525772509054528,0.012154274999221022,0.1997368713095099,-0.1766256509965276,0.1357461334180129,0.19387154203396686,-0.172964535145041,0.13955228675032788,0.9647533515438852,-0.036348450197240624,-0.038632007588501556,-0.25775439635975567,0.19262329312705412,-0.1703484949017943,0.1412884596437168,0.003378770220603004,-0.04248982295393944,-0.08435946702957153,0.06863577663898468,0.01853112317621708,0.046521831303834915,-0.10669546574354172,0.15495525300502777
123,2.46,-1.274221759624454,-1.972768753967796,2.0394216922211776,-1.7477552561705125,-1.5354832311044664,-0.7562862081557106,0.012214808580780903,0.19967265318437963,-0.17649370056846753,0.1357011136409484,0.1937996036990375,-0.17282814688515097,0.1394849305455221,0.9649038526609023,-0.03629237554851259,-0.039649119380956506,-0.25704350979845536,0.19262329312705412,-0.1703484949017943,0.1412884596437168,0.00328406725393369,-0.030585313215851784,-0.08833315968513489,0.028982533141970634,0.011817763559520245,0.04371913895010948,-0.10761844366788864,0.15418560802936554
124,2.48,-1.2762850488173518,-1.9756241797670142,2.0414721149713597,-1.7478729662290626,-1.5335271218450728,-0.7600507741691506,0.012246123043975692,0.19962499967268846,-0.17636407025162407,0.13570410289441137,0.19374311645586115,-0.17270530218748908,0.13946864816213606,0.9650736571464331,-0.03630812572714786,-0.04068447209757364,-0.2562407657230451,0.19262329312705412,-0.1703484949017943,0.1412884596437168,0.003181235404388935,-0.02896813303232193,-0.08153914660215378,0.015423941425979137,0.007002408150583506,0.03961801901459694,-0.10688242316246033,0.155279278755188
125,2.5,-1.2782617328466679,-1.9784879556938728,2.043384878005456,-1.7479558817662044,-1.5316174014905635,-0.76386070562193,0.01226243182036936,0.19959200978987213,-0.17624556369466998,0.13575192703408118,0.19370062893862242,-0.17259702451453351,0.13949312018270393,0.9652589916214287,-0.03638717112259233,-0.041729069089310206,-0.2553619738031042,0.19262329312705412,-0.1703484949017943,0.1412884596437168,0.0030724227655911387,-0.02962997928261757,-0.07139487564563751,0.016820069402456284,0.006350135896354914,0.03682178258895874,-0.10557060688734055,0.1564675122499466
126,2.52,-1.2801646206575195,-1.9813272453217485,2.0451923719412664,-1.7480061469601398,-1.5297580372644015,-0.767705835180965,0.012270972669354,0.1995683235377636,-0.17613491258050948,0.13582793147933755,0.19366641429663142,-0.17249736336774177,0.1395407059879936,0.9654573095907447,-0.03650522134626371,-0.04276524603760033,-0.2544222590568767,0.19262329312705412,-0.1703484949017943,0.1412884596437168,0.0029597939623321147,-0.03068976290524006,-0.06319969147443771,0.022418024018406868,0.007343370001763105,0.034720346331596375,-0.10407517105340958,0.15777365863323212
127,2.54,-1.2820044453451713,-1.9841238817904754,2.046923943693919,-1.7480231957934314,-1.5279513027571714,-0.7715769322181631,0.012275477742535297,0.19954890401420794,-0.17602683657746712,0.13591702736888642,0.19363527223114307,-0.17240074367678976,0.13959806785473083,0.9656665501112474,-0.03664305963673272,-0.043779553632299156,-0.25343391813342003,0.19262329312705412,-0.1703484949017943,0.1412884596437168,0.0028448639935600194,-0.03148631751537323,-0.058361172676086426,0.026832735165953636,0.007970905862748623,0.032945651561021805,-0.1025916188955307,0.1589881181716919
128,2.56,-1.283789634663351,-1.9868711734471385,2.048597928630329,-1.7480088548043302,-1.5261980511117184,-0.7754661189375058,0.012277879452433714,0.19953037399670087,-0.1759183503723771,0.1360103720401608,0.19360408314538904,-0.17230431301885588,0.13965825762867173,0.9658848655061175,-0.03679093553931186,-0.044765613607455616,-0.2524062073062374,0.19262329312705412,-0.1703484949017943,0.1412884596437168,0.00272850365162826,-0.03199391812086105,-0.055971987545490265,0.02898634597659111,0.007830527611076832,0.03148084878921509,-0.10123926401138306,0.16003307700157166
129,2.58,-1.2855266936365264,-1.9895683355419305,2.0502238549736456,-1.7479670571771828,-1.5244977759709983,-0.7793669425088439,0.01227917952509375,0.19951091280938,-0.17580884830285204,0.13610418609573816,0.19357145793560399,-0.17220741151672975,0.13971862582717456,0.9661106522193766,-0.03694551965760755,-0.045721987107218476,-0.25134584965829027,0.19262329312705412,-0.1703484949017943,0.1412884596437168,0.002611314936390299,-0.03225497901439667,-0.05476471409201622,0.02957749553024769,0.00729872053489089,0.030337732285261154,-0.10006038844585419,0.16090521216392517
130,2.6,-1.287220581839993,-1.9922165379536914,2.0518066418237635,-1.7479021081194743,-1.5228489519571589,-0.7832742507169425,0.012279898057052242,0.19948970204357852,-0.17569884923090845,0.13619726432681067,0.19353693477892495,-0.17211037834651408,0.13977840918393317,0.966342597578974,-0.03710608833422019,-0.04664942371951967,-0.25025777426384027,0.19262329312705412,-0.1703484949017943,0.1412884596437168,0.002493837751719963,-0.032303206622600555,-0.0539088100194931,0.029471995308995247,0.006782752927392721,0.029450559988617897,-0.09905309975147247,0.16163574159145355
131,2.62,-1.288875019595657,-1.994817112702187,2.0533494062694615,-1.7478175651942538,-1.521249531084539,-0.7871839888493074,0.012280306122460252,0.19946643527254238,-0.17558901567997484,0.1362892465107709,0.19350041143388325,-0.1720137198508462,0.1398373402318469,0.9665796696524873,-0.03727235854283368,-0.04754917185444093,-0.24914571992932136,0.19262329312705412,-0.1703484949017943,0.1412884596437168,0.002376564369552272,-0.03216646611690521,-0.05306151881814003,0.02915933169424534,0.006459021475166082,0.028714314103126526,-0.09819535166025162,0.16225935518741608
132,2.64,-1.2904927652922724,-1.9973711147254936,2.0548546191445696,-1.747716018264819,-1.5196973667189153,-0.7910929923967629,0.012280546012380593,0.19944102992556423,-0.17547978092038544,0.13637989852940427,0.19346188926045602,-0.17191779406552118,0.1398951781111426,0.9668210631863621,-0.037443850107209374,-0.04842235835595571,-0.2480126308871965,0.19262329312705412,-0.1703484949017943,0.1412884596437168,0.0022599063629369356,-0.031879670917987823,-0.0521593801677227,0.02879752777516842,0.006318375468254089,0.028037643060088158,-0.09746097773313522,0.16280320286750793
133,2.66,-1.2920758716814285,-1.9998793837640225,2.0563243477624025,-1.7475993338289528,-1.518190461847399,-0.794998804658001,0.012280693181876919,0.19941349678742076,-0.17537135738225124,0.13646898171789693,0.1934214010029337,-0.1718228025437501,0.13995168143953537,0.9670661378128464,-0.03761995450183084,-0.04926992211291685,-0.24686088976184986,0.19262329312705412,-0.1703484949017943,0.1412884596437168,0.0021441863659311037,-0.03148331493139267,-0.051228463649749756,0.028391780331730843,0.006286852061748505,0.027366096153855324,-0.09682576358318329,0.1632862389087677
134,2.68,-1.2936258943969632,-2.0023426635467367,2.057760257116055,-1.7474689756947794,-1.5167270353883824,-0.7988995307796616,0.012280788115628258,0.19938389475419316,-0.1752638516516055,0.13655630351826473,0.19337900918703654,-0.1717288678190142,0.1400066718069442,0.9673143711887539,-0.037800116345779754,-0.05009270924904158,-0.24569244794263123,0.19262329312705412,-0.1703484949017943,0.1412884596437168,0.0020296591370000355,-0.03101278282701969,-0.05029583349823952,0.027926979586482048,0.006297122221440077,0.026685679331421852,-0.09627066552639008,0.16372087597846985
135,2.7,-1.295144052587783,-2.004761659240175,2.0591636361686354,-1.7473262116169055,-1.5153055055069178,-0.8027937217048535,0.012280852840603238,0.19935231466194278,-0.1751573486687163,0.13664175743504808,0.19333480522324903,-0.17163609308870592,0.14006006083197017,0.967565327298463,-0.03798391819798196,-0.05089153901148946,-0.24450891727131205,0.19262329312705412,-0.1703484949017943,0.1412884596437168,0.0019165391190033988,-0.030496614053845406,-0.04937172308564186,0.027405068278312683,0.006313863676041365,0.02599797584116459,-0.09578048437833786,0.16411617398262024
136,2.72,-1.296631337636839,-2.0071370431590125,2.060535485998612,-1.7471722025990843,-1.5139244375324405,-0.8066802814026183,0.01228089952288421,0.19931886987231207,-0.1750519410733523,0.1367253167334871,0.1932889044757429,-0.17154458150876192,0.14011183284748374,0.9678186379782695,-0.0381710658810638,-0.05166722137983953,-0.24331163545189877,0.19262329312705412,-0.1703484949017943,0.1412884596437168,0.0018050241706094468,-0.029953693971037865,-0.04845508560538292,0.026844089850783348,0.006325556896626949,0.025312956422567368,-0.0953429713845253,0.164479598402977
137,2.74,-1.2980885852151618,-2.0094694541988214,2.0618766221780724,-1.7470080267899593,-1.5125825044470464,-0.8105583956317726,0.012280935011103777,0.1992836872519861,-0.17494772652904783,0.13680700582640853,0.19324143448668832,-0.17145443407439043,0.14016201480765011,0.9680739904294754,-0.03836134433049288,-0.052420547214103434,-0.24210171941744546,0.19262329312705412,-0.1703484949017943,0.1412884596437168,0.0016953106389904925,-0.02939632162451744,-0.04754507914185524,0.026264088228344917,0.0063310288824141026,0.02463676407933235,-0.09494911134243011,0.16481643915176392
138,2.7600000000000002,-1.2995165240724662,-2.011759497477627,2.0631877522455278,-1.7468346847316454,-1.5112784524301917,-0.8144274736886764,0.012280963259382448,0.19924690034456946,-0.1748447981458471,0.1368868737140644,0.19319252813928658,-0.1713657432685916,0.14021065230715649,0.9683311174837699,-0.03855457611415473,-0.053152280284530506,-0.24088010850596703,0.19262329312705412,-0.1703484949017943,0.1412884596437168,0.0015876055535448189,-0.02883286215364933,-0.04664119705557823,0.025679340586066246,0.006330801639705896,0.02397574484348297,-0.09459119290113449,0.1651313155889511
139,2.7800000000000002,-1.300915805321267,-2.0140077550649447,2.064469528094161,-1.7466531014866096,-1.5100110834175884,-0.8182871026917464,0.012280986614736188,0.1992086447256109,-0.1747432369193683,0.1369649771260725,0.1931423182803329,-0.17127858719188577,0.14025779564998272,0.9685897901933638,-0.0387505996528888,-0.05386315182060015,-0.2396475959313347,0.19262329312705412,-0.1703484949017943,0.1412884596437168,0.0014821359741277293,-0.028267845511436462,-0.04574601724743843,0.02509954571723938,0.00632574362680316,0.02333209104835987,-0.09426332265138626,0.16542775928974152
140,2.8000000000000003,-1.3022870253624683,-2.0162147961344754,2.065722567608862,-1.7464641265972463,-1.5087792474961033,-0.8221370111373493,0.0122810065262003,0.19916905415420974,-0.1746431093084338,0.13704137337686337,0.19309093398858004,-0.17119302896628533,0.14030349528887237,0.9688498109491834,-0.03894925942573184,-0.05455385889568781,-0.238404856270816,0.19262329312705412,-0.1703484949017943,0.1412884596437168,0.0013791593605412568,-0.027705248445272446,-0.04486183449625969,0.02452765591442585,0.0063171531073749065,0.02270612120628357,-0.09396075457334518,0.16570821404457092
141,2.82,-1.303630739638358,-2.0183811878488225,2.0669474679187303,-1.746268542696418,-1.5075818346984253,-0.8259770399313369,0.012281023919726242,0.19912825900995904,-0.17454446808393337,0.1371161187129559,0.1930385003801123,-0.17110911766361714,0.1403478007593664,0.9691110080792172,-0.03915040537618399,-0.055225069292650524,-0.237152464672384,0.19262329312705412,-0.1703484949017943,0.1412884596437168,0.0012789773983548306,-0.027147090062499046,-0.04399129003286362,0.02396598644554615,0.0063042668625712395,0.022098926827311516,-0.09367972612380981,0.16597482562065125
142,2.84,-1.304947472003575,-2.020507502039203,2.0681448093322015,-1.7460670756768613,-1.506417768348853,-0.8298071196567823,0.012281039407439229,0.19908638637680517,-0.17444735463367014,0.13718926907897386,0.19298513921430657,-0.1710268911467181,0.1403907618834831,0.969373231354175,-0.03935389468263014,-0.05587742697314245,-0.23589091220760314,0.19262329312705412,-0.1703484949017943,0.1412884596437168,0.0011819540281733669,-0.026594754308462143,-0.043136052787303925,0.02341470867395401,0.00628593610599637,0.021511182188987732,-0.09341733157634735,0.16622929275035858
143,2.86,-1.3062377244132193,-2.0225943158427504,2.069315157389431,-1.7458603961442205,-1.5052860050144814,-0.8336272523407852,0.012281053416552903,0.19904355892872888,-0.17435180107343068,0.13726088027319563,0.1929309671592642,-0.1709463780631032,0.1404324283942899,0.9696363480460599,-0.039559590405207554,-0.05651155163193534,-0.2346206211888117,0.19262329312705412,-0.1703484949017943,0.1412884596437168,0.0010885389679145714,-0.02605002373456955,-0.042296215891838074,0.02287413738667965,0.006263716146349907,0.020941782742738724,-0.09317120909690857,0.16647273302078247
144,2.88,-1.3075019815287032,-2.024642214620419,2.0704590665938785,-1.745649127916764,-1.5041855328595604,-0.8374374968125478,0.012281066251656952,0.19899989422747885,-0.17425783183382548,0.13733100783009763,0.19287609588010132,-0.17086759941334018,0.14047284998695364,0.9699002399437163,-0.03976736371773197,-0.057128041542638675,-0.23334195552786108,0.19262329312705412,-0.1703484949017943,0.1412884596437168,0.0009992986731007223,-0.025513414293527603,-0.04147280380129814,0.02234477922320366,0.006236391607671976,0.02039049006998539,-0.09293945133686066,0.16670650243759155
145,2.9,-1.308740714624509,-2.02665179023805,2.07157708318623,-1.7454338440922168,-1.503115370000994,-0.841237956634635,0.012281078138013388,0.19895550428452158,-0.1741654635948919,0.13739970593121362,0.1928206313912435,-0.17079056802053336,0.14051207471800073,0.9701648011724184,-0.039977088424913806,-0.05772747208547743,-0.23205523035210707,0.19262329312705412,-0.1703484949017943,0.1412884596437168,0.0009149560567066156,-0.024985529482364655,-0.040665403008461,0.021827317774295807,0.006206877063959837,0.019856903702020645,-0.09272041916847229,0.16693124175071716
146,2.92,-1.3099543816442232,-2.028623634678833,2.0726697448822335,-1.745215075000313,-1.5020745603414196,-0.8450287702274939,0.012281089232920055,0.19891049631422317,-0.1740747057652972,0.13746702633349528,0.19276467598050603,-0.17071529007142808,0.1405501482059958,0.9704299367600869,-0.04018863946609794,-0.05831039774397285,-0.2307607172215797,0.19262329312705412,-0.1703484949017943,0.1412884596437168,0.0008364398285510781,-0.02446601539850235,-0.039872512221336365,0.02132120542228222,0.006173648405820131,0.01934150606393814,-0.09251273423433304,0.16714763641357422
147,2.94,-1.311143430935957,-2.030558348387734,2.073737580465253,-1.7449933112543554,-1.5010621756936104,-0.8488101031343026,0.012281099672539361,0.19886497253970636,-0.17398556221510614,0.1375330199481189,0.19270832597074714,-0.17064176660208638,0.1405871161202572,0.9706955595276898,-0.04040189908322709,-0.058877355166798935,-0.2294586549081484,0.19262329312705412,-0.1703484949017943,0.1412884596437168,0.000764932423549598,-0.02395547553896904,-0.0390966534614563,0.020825941115617752,0.0061371466144919395,0.018842782825231552,-0.09231532365083694,0.16735662519931793
148,2.96,-1.312308302877315,-2.032456534307875,2.0747811113046137,-1.7447690040677497,-1.5000773194403707,-0.8525821417467387,0.012281109561398287,0.1988190290397423,-0.17389803191308575,0.13759773624724356,0.19265167161326135,-0.17056999374185866,0.1406230221770603,0.9709615896678404,-0.040616752957111195,-0.059428858935408835,-0.2281492526714839,0.19262329312705412,-0.1703484949017943,0.1412884596437168,0.0007019074701550822,-0.02345416694879532,-0.03833603858947754,0.020342176780104637,0.006098687648773193,0.018359070643782616,-0.09212727844715118,0.16755858063697815
149,2.98,-1.3134494294985877,-2.034318794852685,2.075800850750904,-1.7445425682384095,-1.4991191179669188,-0.8563450889413389,0.01228111897624905,0.19877275692229507,-0.17381210880102854,0.1376612223625131,0.19259479943491647,-0.17049996268340878,0.14065790795245206,0.9712279537296004,-0.040833087440254295,-0.05996540628253488,-0.22683269366138548,0.19262329312705412,-0.1703484949017943,0.1412884596437168,0.0006491146391167591,-0.0229616928845644,-0.037590138614177704,0.0198692474514246,0.006058139260858297,0.017892342060804367,-0.09194804728031158,0.16775396466255188
150,3.0,-1.3145672348355597,-2.036145735157882,2.0767973056642846,-1.744314385998867,-1.4981867236837203,-0.8600991593523173,0.012281127983673368,0.19872624267517885,-0.17372778239407932,0.13772352362947035,0.19253779080057343,-0.17043166058891646,0.140691813522338,0.9714945831648257,-0.04105079330512227,-0.06048747714975245,-0.22550914029918845,0.19262329312705412,-0.1703484949017943,0.1412884596437168,0.0006084519483940207,-0.02247793972492218,-0.036859896034002304,0.019407402724027634,0.006015442311763763,0.017440656200051308,-0.09177679568529129,0.1679433137178421
151,3.02,-1.3156621355358067,-2.0379379583318933,2.0777709739931964,-1.7440848059333691,-1.4972793176069832,-0.8638445757598264,0.012281136635702917,0.19867956740757164,-0.17364503835682715,0.1377846834109024,0.19248072185775955,-0.17036507096428813,0.14072477701232744,0.971761413993283,-0.041269763143692545,-0.06099553172640334,-0.22417873680001768,0.19262329312705412,-0.1703484949017943,0.1412884596437168,0.0005816695295493006,-0.02200292982161045,-0.036143939942121506,0.01895586960017681,0.005971916951239109,0.017002789303660393,-0.09161292016506195,0.1681268811225891
152,3.04,-1.3167345424833292,-2.039696067116617,2.0787223444127605,-1.7438541500128706,-1.4963961074756618,-0.8675815662435716,0.012281144981360011,0.1986328070498871,-0.17356385982467784,0.13784474377045453,0.192423663828912,-0.1703001752756017,0.1407568357452684,0.9720283853565442,-0.041489895069390714,-0.061490014457523674,-0.22284161368625424,0.19262329312705412,-0.1703484949017943,0.1412884596437168,0.0005699215843899874,-0.02153685875236988,-0.03544284775853157,0.018514182418584824,0.005926112644374371,0.016578679904341698,-0.09145590662956238,0.1683051735162735
